Workbook

Sheet 00_导入说明
A1: BIFORST 飞书多维表格导入数据包
A3: 用途 | B3: 飞书多维表格OEE/良率、数据质量、岗位化看板和主动推送概念验证
A4: 公开数据 | B4: Zenodo OEE and Downtime Dataset from Heavy Clay Manufacturing Line, Version 1.0
A5: 来源链接 | B5: https://zenodo.org/records/17855209
A6: 公开数据范围 | B6: 105条OEE班次记录；1175条停机事件；含改善前后阶段
A7: 模拟数据范围 | B7: 工单、订单物料、岗位画像、推送规则、处置任务及人工注入的数据质量问题
A8: 重要声明 | B8: 所有标注“团队模拟数据”的字段和记录均非合作企业数据，不代表任何企业真实经营情况
A9: 建议导入顺序 | B9: 01_OEE班次 → 02_停机明细 → 03_工单映射_模拟 → 04_订单物料_模拟 → 10-15_多产线模拟层 → 其余配置表
A11: 工作表 | B11: 数据性质 | C11: 主键 | D11: 关联键 | E11: 飞书用途 | F11: 备注
A12: 01_OEE班次 | B12: 公开真实+复算公式 | C12: ShiftID | D12: ShiftID | E12: OEE/良率看板 | F12: OEE复算和一致性检查
A13: 02_停机明细 | B13: 公开真实 | C13: StopEventID | D13: ShiftID | E13: 停机追溯 | F13: 与OEE按ShiftID关联
A14: 03_工单映射_模拟 | B14: 团队模拟 | C14: WorkOrderID | D14: ShiftID | E14: 把生产班次映射到演示工单 | F14: 不得解释为真实订单
A15: 04_订单物料_模拟 | B15: 团队模拟 | C15: BusinessKey | D15: WorkOrderID/EventID | E15: 供应缺口与BOM冲突 | F15: 含缺口公式
A16: 05_数据质量测试 | B16: 公开数据副本+人工注错 | C16: DQRecordID | D16: ShiftID | E16: 测试AI识别能力 | F16: ExpectedIssueType为标准答案
A17: 06_岗位画像_模拟 | B17: 团队模拟 | C17: RoleID | D17: 岗位名称 | E17: 千人千面权限/摘要 | F17: 替换演示成员即可
A18: 07_推送规则_模拟 | B18: 团队模拟 | C18: RuleID | D18: 接收岗位 | E18: 自动化触发与升级 | F18: 建议先启用高风险规则
A19: 08_处置任务_模拟 | B19: 团队模拟 | C19: TaskID | D19: EventID/WorkOrderID | E19: 任务闭环 | F19: 演示提交结果和状态变化
A20: 09_字段字典 | B20: 说明 | C20: - | D20: - | E20: 字段口径 | F20: 导入后可放入Wiki/说明书
A21: 10-15_多产线模拟层 | B21: 团队模拟 | C21: SimShiftID/SimStopEventID | D21: SourceShiftID | E21: 多产线架构与智能体协同演示 | F21: 不得解释为真实企业多产线数据
A22: 使用提醒：Zenodo页面将数据标为Open但权利栏显示作者版权。比赛展示请保留作者、DOI和来源链接；如需对外再分发或商用，请另行核对许可。
A25: --- v3 更新说明 (SIM-v2.2-20260807-20260805) ---
A26: 新增表：16_不良类型_模拟 (1575行)、17_质量冻结明细_模拟 (45行)、18_换产标准_模拟 (3行)
A27: 扩展表：02_停机明细 (+6列换产字段, 公式引用18表)、13_多产线停机_模拟 (+6列换产字段, 公式引用18表)
A28: 17表补充5列：风险等级(VLOOKUP 04表)、需要人工确认(公式)、确认状态、确认人、确认时间
A29: 16表占比采用第五类余数法，严格守恒
A30: 02/13表换产字段为Excel公式(VLOOKUP+IFERROR)，用于离线审计
A31: 导入飞书Base后需重建：换产规则ID→关联字段、标准/阈值→查找引用、超时/状态→Base公式字段
A32: 所有新增数据标注：数据性质=团队模拟数据，模拟版本=SIM-v2.2-20260807-20260805
A33: 导入顺序：01→02→03→04→05→06→07→08→09→10→11→12→13→14→15→16→17→18→19

Sheet 01_OEE班次
A1: ShiftID | B1: 阶段 | C1: 班次日期 | D1: OEE原值 | E1: 开动率 | F1: 性能率 | G1: 质量率 | H1: OEE复算 | I1: OEE一致性 | J1: 良品数 | K1: 总产量 | L1: 良率复算 | M1: 计划生产时间_秒 | N1: 计划停机_秒 | O1: 非计划停机_秒 | P1: 全速生产_秒 | Q1: 低速生产_秒 | R1: 理想生产数量 | S1: 来源链接 | T1: 数据性质
A2: SHIFT-PRE-20250922 | B2: 改善前 | C2: 45922 | D2: 0.8254 | E2: 0.8902 | F2: 0.9272 | G2: 0.9996 | H2: =E2*F2*G2 | I2: =IF(ABS(D2-H2)<=0.001,"一致","需复核") | J2: 35800 | K2: 35815 | L2: =IF(K2=0,0,J2/K2) | M2: 17884 | N2: 13111 | O2: 668 | P2: 14604 | Q2: 1317 | R2: 38626.75 | S2: https://zenodo.org/records/17855209 | T2: 公开真实生产数据
A3: SHIFT-PRE-20250923 | B3: 改善前 | C3: 45923 | D3: 0.5891 | E3: 0.6236 | F3: 0.9447 | G3: 0.9975 | H3: =E3*F3*G3 | I3: =IF(ABS(D3-H3)<=0.001,"一致","需复核") | J3: 26350 | K3: 26416 | L3: =IF(K3=0,0,J3/K3) | M3: 29700 | N3: 634 | O3: 10545 | P3: 17398 | Q3: 1123 | R3: 27961 | S3: https://zenodo.org/records/17855209 | T3: 公开真实生产数据
A4: SHIFT-PRE-20250924 | B4: 改善前 | C4: 45924 | D4: 0.7498 | E4: 0.7833 | F4: 0.9572 | G4: 0.9951 | H4: =E4*F4*G4 | I4: =IF(ABS(D4-H4)<=0.001,"一致","需复核") | J4: 21490 | K4: 21594 | L4: =IF(K4=0,0,J4/K4) | M4: 28800 | N4: 3234 | O4: 3006 | P4: 21036 | Q4: 1524 | R4: 22560 | S4: https://zenodo.org/records/17855209 | T4: 公开真实生产数据
A5: SHIFT-PRE-20250925 | B5: 改善前 | C5: 45925 | D5: 0.6546 | E5: 0.7179 | F5: 0.9118 | G5: 0.9933 | H5: =E5*F5*G5 | I5: =IF(ABS(D5-H5)<=0.001,"一致","需复核") | J5: 16700 | K5: 16812 | L5: =IF(K5=0,0,J5/K5) | M5: 24300 | N5: 7713 | O5: 4541 | P5: 15935 | Q5: 1511 | R5: 18438.533 | S5: https://zenodo.org/records/17855209 | T5: 公开真实生产数据
A6: SHIFT-PRE-20250926 | B6: 改善前 | C6: 45926 | D6: 0.7397 | E6: 0.8096 | F6: 0.926 | G6: 0.9867 | H6: =E6*F6*G6 | I6: =IF(ABS(D6-H6)<=0.001,"一致","需复核") | J6: 23000 | K6: 23310 | L6: =IF(K6=0,0,J6/K6) | M6: 22920 | N6: 5981 | O6: 3364 | P6: 17342 | Q6: 1213 | R6: 25172.8 | S6: https://zenodo.org/records/17855209 | T6: 公开真实生产数据
A7: SHIFT-PRE-20250929 | B7: 改善前 | C7: 45929 | D7: 0.6467 | E7: 0.6717 | F7: 0.9628 | G7: 0.9967 | H7: =E7*F7*G7 | I7: =IF(ABS(D7-H7)<=0.001,"一致","需复核") | J7: 46000 | K7: 46150 | L7: =IF(K7=0,0,J7/K7) | M7: 29132 | N7: 1285 | O7: 8847 | P7: 18284 | Q7: 1284 | R7: 47931.833 | S7: https://zenodo.org/records/17855209 | T7: 公开真实生产数据
A8: SHIFT-PRE-20250930 | B8: 改善前 | C8: 45930 | D8: 0.4864 | E8: 0.5234 | F8: 0.9307 | G8: 0.9985 | H8: =E8*F8*G8 | I8: =IF(ABS(D8-H8)<=0.001,"一致","需复核") | J8: 16327 | K8: 16351 | L8: =IF(K8=0,0,J8/K8) | M8: 26823 | N8: 3683 | O8: 11978 | P8: 12987 | Q8: 1052 | R8: 17568.733 | S8: https://zenodo.org/records/17855209 | T8: 公开真实生产数据
A9: SHIFT-PRE-20251002 | B9: 改善前 | C9: 45932 | D9: 0.7714 | E9: 0.8898 | F9: 0.8729 | G9: 0.9932 | H9: =E9*F9*G9 | I9: =IF(ABS(D9-H9)<=0.001,"一致","需复核") | J9: 22222 | K9: 22374 | L9: =IF(K9=0,0,J9/K9) | M9: 27006 | N9: 3562 | O9: 2107 | P9: 21138 | Q9: 2893 | R9: 25633.067 | S9: https://zenodo.org/records/17855209 | T9: 公开真实生产数据
A10: SHIFT-PRE-20251003 | B10: 改善前 | C10: 45933 | D10: 0.3383 | E10: 0.3708 | F10: 0.9221 | G10: 0.9896 | H10: =E10*F10*G10 | I10: =IF(ABS(D10-H10)<=0.001,"一致","需复核") | J10: 19727 | K10: 19935 | L10: =IF(K10=0,0,J10/K10) | M10: 27240 | N10: 1887 | O10: 15913 | P10: 9074 | Q10: 1026 | R10: 21619.333 | S10: https://zenodo.org/records/17855209 | T10: 公开真实生产数据
A11: SHIFT-PRE-20251006 | B11: 改善前 | C11: 45936 | D11: 0.7396 | E11: 0.7848 | F11: 0.9483 | G11: 0.9938 | H11: =E11*F11*G11 | I11: =IF(ABS(D11-H11)<=0.001,"一致","需复核") | J11: 54740 | K11: 55080 | L11: =IF(K11=0,0,J11/K11) | M11: 28432 | N11: 2205 | O11: 5182 | P11: 21224 | Q11: 1089 | R11: 58083.333 | S11: https://zenodo.org/records/17855209 | T11: 公开真实生产数据
A12: SHIFT-PRE-20251007 | B12: 改善前 | C12: 45937 | D12: 0.9003 | E12: 0.9238 | F12: 0.9819 | G12: 0.9925 | H12: =E12*F12*G12 | I12: =IF(ABS(D12-H12)<=0.001,"一致","需复核") | J12: 31040 | K12: 31276 | L12: =IF(K12=0,0,J12/K12) | M12: 28252 | N12: 3141 | O12: 459 | P12: 24929 | Q12: 1171 | R12: 31851 | S12: https://zenodo.org/records/17855209 | T12: 公开真实生产数据
A13: SHIFT-PRE-20251008 | B13: 改善前 | C13: 45938 | D13: 0.8304 | E13: 0.8908 | F13: 0.9354 | G13: 0.9966 | H13: =E13*F13*G13 | I13: =IF(ABS(D13-H13)<=0.001,"一致","需复核") | J13: 27771 | K13: 27867 | L13: =IF(K13=0,0,J13/K13) | M13: 22678 | N13: 7353 | O13: 1246 | P13: 18756 | Q13: 1445 | R13: 29791.133 | S13: https://zenodo.org/records/17855209 | T13: 公开真实生产数据
... A106: SHIFT-POST-20260403 | B106: 改善后 | C106: 46115 | D106: 0.66669525 | E106: 0.62813081 | F106: 1.0795872 | G106: 0.98314942 | H106: =E106*F106*G106 | I106: =IF(ABS(D106-H106)<=0.001,"一致","需复核") | J106: 6593 | K106: 6706 | L106: =IF(K106=0,0,J106/K106) | M106: 9143 | N106: 1470 | O106: 1907 | P106: 5510 | Q106: 233 | R106: 6211.6333 | S106: https://zenodo.org/records/17855209 | T106: 公开真实生产数据

Sheet 02_停机明细
A1: StopEventID | B1: ShiftID | C1: 阶段 | D1: 日期 | E1: 产品编码 | F1: 停机组 | G1: 停机原因 | H1: 停机类型 | I1: 停机位置 | J1: 操作员备注 | K1: 开始时间 | L1: 结束时间 | M1: 持续时间_分钟 | N1: 来源链接 | O1: 数据性质 | P1: 关联班次 | Q1: 班次关联状态 | R1: OEE纳入状态 | S1: 关联说明 | T1: 是否换产事件 | U1: 标准换产时间_分钟 | V1: 换产超时_分钟 | W1: 换产达标状态 | X1: 换产规则ID | Y1: 换产标准数据性质
A2: STOP-PRE-00001 | B2: SHIFT-PRE-20250922 | C2: 改善前 | D2: 45922 | E2: KK200-1 | F2: OPERATIONAL | G2: NO PRODUCTION SCHEDULE | H2: Planned - Not included in OEE | I2: EXTRUDER PRESS | J2: - | K2: 45922.469 | L2: 45922.605 | M2: 196.9 | N2: https://zenodo.org/records/17855209 | O2: 公开真实生产数据 | P2: SHIFT-PRE-20250922 | Q2: 已关联 | R2: 按班次口径判断 | T2: 否
A3: STOP-PRE-00002 | B3: SHIFT-PRE-20250922 | C3: 改善前 | D3: 45922 | E3: KK200-1 | F3: SETUPS-CHANGEOVERS | G3: WIRE ROLL REPLACEMENT | H3: Unplanned | I3: CUTTER | K3: 45922.624 | L3: 45922.626 | M3: 3.8 | N3: https://zenodo.org/records/17855209 | O3: 公开真实生产数据 | P3: SHIFT-PRE-20250922 | Q3: 已关联 | R3: 按班次口径判断 | T3: 是 | U3: =IFERROR(VLOOKUP(G3,'18_换产标准_模拟'!$B$2:$F$4,3,FALSE),"") | V3: =IFERROR(MAX(M3-U3,0),"") | W3: =IFERROR(IF(V3=0,"达标",IF(V3<=VLOOKUP(G3,'18_换产标准_模拟'!$B$2:$F$4,4,FALSE)-VLOOKUP(G3,'18_换产标准_模拟'!$B$2:$F$4,3,FALSE),"轻微超时",IF(V3<=VLOOKUP(G3,'18_换产标准_模拟'!$B$2:$F$4,5,FALSE)-VLOOKUP(G3,'18_换产标准_模拟'!$B$2:$F$4,3,FALSE),"超时","严重超时"))),"") | X3: =IFERROR(INDEX('18_换产标准_模拟'!$A$2:$A$4,MATCH(G3,'18_换产标准_模拟'!$B$2:$B$4,0)),"") | Y3: 团队模拟数据
A4: STOP-PRE-00003 | B4: SHIFT-PRE-20250922 | C4: 改善前 | D4: 45922 | E4: KK200-1 | F4: MATERIALS | G4: MANUAL BRICK HANDLING | H4: Unplanned | I4: HACKING STATION | J4: - | K4: 45922.638 | L4: 45922.643 | M4: 7.4 | N4: https://zenodo.org/records/17855209 | O4: 公开真实生产数据 | P4: SHIFT-PRE-20250922 | Q4: 已关联 | R4: 按班次口径判断 | T4: 否
A5: STOP-PRE-00004 | B5: SHIFT-PRE-20250922 | C5: 改善前 | D5: 45922 | E5: KK250 | F5: SETUPS-CHANGEOVERS | G5: MATERIAL CHANGEOVER | H5: Planned - Included in OEE | I5: EXTRUDER PRESS | J5: - | K5: 45922.743 | L5: 45922.749 | M5: 9.6 | N5: https://zenodo.org/records/17855209 | O5: 公开真实生产数据 | P5: SHIFT-PRE-20250922 | Q5: 已关联 | R5: 按班次口径判断 | T5: 是 | U5: =IFERROR(VLOOKUP(G5,'18_换产标准_模拟'!$B$2:$F$4,3,FALSE),"") | V5: =IFERROR(MAX(M5-U5,0),"") | W5: =IFERROR(IF(V5=0,"达标",IF(V5<=VLOOKUP(G5,'18_换产标准_模拟'!$B$2:$F$4,4,FALSE)-VLOOKUP(G5,'18_换产标准_模拟'!$B$2:$F$4,3,FALSE),"轻微超时",IF(V5<=VLOOKUP(G5,'18_换产标准_模拟'!$B$2:$F$4,5,FALSE)-VLOOKUP(G5,'18_换产标准_模拟'!$B$2:$F$4,3,FALSE),"超时","严重超时"))),"") | X5: =IFERROR(INDEX('18_换产标准_模拟'!$A$2:$A$4,MATCH(G5,'18_换产标准_模拟'!$B$2:$B$4,0)),"") | Y5: 团队模拟数据
A6: STOP-PRE-00005 | B6: SHIFT-PRE-20250922 | C6: 改善前 | D6: 45922 | E6: KK250 | F6: OPERATIONAL | G6: CLEANING | H6: Planned - Included in OEE | I6: EXTRUDER PRESS | J6: - | K6: 45922.804 | L6: 45922.812 | M6: 12 | N6: https://zenodo.org/records/17855209 | O6: 公开真实生产数据 | P6: SHIFT-PRE-20250922 | Q6: 已关联 | R6: 按班次口径判断 | T6: 否
A7: STOP-PRE-00006 | B7: SHIFT-PRE-20250923 | C7: 改善前 | D7: 45923 | E7: KK250 | F7: MATERIALS | G7: MANUAL BRICK HANDLING | H7: Unplanned | I7: EXTRUDER PRESS | J7: ΕΣΚΙΖΑΝ ΤΟΥΒΛΑ | K7: 45923.469 | L7: 45923.472 | M7: 5.8 | N7: https://zenodo.org/records/17855209 | O7: 公开真实生产数据 | P7: SHIFT-PRE-20250923 | Q7: 已关联 | R7: 按班次口径判断 | T7: 否
A8: STOP-PRE-00007 | B8: SHIFT-PRE-20250923 | C8: 改善前 | D8: 45923 | E8: KK250 | F8: MATERIALS | G8: MATERIAL STARVATION | H8: Unplanned | I8: SILO | J8: ΧΑΜΗΛΗ ΣΤΑΘΜΗ ΣΙΛΟ | K8: 45923.488 | L8: 45923.492 | M8: 6.4 | N8: https://zenodo.org/records/17855209 | O8: 公开真实生产数据 | P8: SHIFT-PRE-20250923 | Q8: 已关联 | R8: 按班次口径判断 | T8: 否
A9: STOP-PRE-00008 | B9: SHIFT-PRE-20250923 | C9: 改善前 | D9: 45923 | E9: 7KK25 | F9: SETUPS-CHANGEOVERS | G9: MATERIAL CHANGEOVER | H9: Planned - Included in OEE | I9: EXTRUDER PRESS | J9: - | K9: 45923.565 | L9: 45923.572 | M9: 10.6 | N9: https://zenodo.org/records/17855209 | O9: 公开真实生产数据 | P9: SHIFT-PRE-20250923 | Q9: 已关联 | R9: 按班次口径判断 | T9: 是 | U9: =IFERROR(VLOOKUP(G9,'18_换产标准_模拟'!$B$2:$F$4,3,FALSE),"") | V9: =IFERROR(MAX(M9-U9,0),"") | W9: =IFERROR(IF(V9=0,"达标",IF(V9<=VLOOKUP(G9,'18_换产标准_模拟'!$B$2:$F$4,4,FALSE)-VLOOKUP(G9,'18_换产标准_模拟'!$B$2:$F$4,3,FALSE),"轻微超时",IF(V9<=VLOOKUP(G9,'18_换产标准_模拟'!$B$2:$F$4,5,FALSE)-VLOOKUP(G9,'18_换产标准_模拟'!$B$2:$F$4,3,FALSE),"超时","严重超时"))),"") | X9: =IFERROR(INDEX('18_换产标准_模拟'!$A$2:$A$4,MATCH(G9,'18_换产标准_模拟'!$B$2:$B$4,0)),"") | Y9: 团队模拟数据
A10: STOP-PRE-00009 | B10: SHIFT-PRE-20250923 | C10: 改善前 | D10: 45923 | E10: 7KK25 | F10: MATERIALS | G10: MANUAL BRICK HANDLING | H10: Unplanned | I10: HACKING STATION | J10: ΤΟΥΒΛΑ ΕΣΠΑΖΑΝ | K10: 45923.612 | L10: 45923.64 | M10: 41.9 | N10: https://zenodo.org/records/17855209 | O10: 公开真实生产数据 | P10: SHIFT-PRE-20250923 | Q10: 已关联 | R10: 按班次口径判断 | T10: 否
A11: STOP-PRE-00010 | B11: SHIFT-PRE-20250923 | C11: 改善前 | D11: 45923 | E11: 7KK25 | F11: FAILURE | G11: MECHANICAL FAILURE | H11: Unplanned | I11: HACKING STATION | J11: ΓΩΝΙΑ ΡΟΛΟΥ | K11: 45923.647 | L11: 45923.651 | M11: 6.6 | N11: https://zenodo.org/records/17855209 | O11: 公开真实生产数据 | P11: SHIFT-PRE-20250923 | Q11: 已关联 | R11: 按班次口径判断 | T11: 否
A12: STOP-PRE-00011 | B12: SHIFT-PRE-20250923 | C12: 改善前 | D12: 45923 | E12: 7KK25 | F12: MATERIALS | G12: RACKS | H12: Unplanned | I12: HACKING STATION | J12: - | K12: 45923.654 | L12: 45923.657 | M12: 4.3 | N12: https://zenodo.org/records/17855209 | O12: 公开真实生产数据 | P12: SHIFT-PRE-20250923 | Q12: 已关联 | R12: 按班次口径判断 | T12: 否
A13: STOP-PRE-00012 | B13: SHIFT-PRE-20250923 | C13: 改善前 | D13: 45923 | E13: 7KK25 | F13: MATERIALS | G13: RACKS | H13: Unplanned | I13: HACKING STATION | J13: - | K13: 45923.664 | L13: 45923.668 | M13: 6.5 | N13: https://zenodo.org/records/17855209 | O13: 公开真实生产数据 | P13: SHIFT-PRE-20250923 | Q13: 已关联 | R13: 按班次口径判断 | T13: 否
A14: STOP-PRE-00013 | B14: SHIFT-PRE-20250923 | C14: 改善前 | D14: 45923 | E14: 7KK25 | F14: FAILURE | G14: MECHANICAL FAILURE | H14: Unplanned | I14: HACKING STATION | J14: ΓΩΝΙΑ ΡΟΛΟΥ | K14: 45923.721 | L14: 45923.73 | M14: 13.1 | N14: https://zenodo.org/records/17855209 | O14: 公开真实生产数据 | P14: SHIFT-PRE-20250923 | Q14: 已关联 | R14: 按班次口径判断 | T14: 否
A15: STOP-PRE-00014 | B15: SHIFT-PRE-20250923 | C15: 改善前 | D15: 45923 | E15: 7KK25 | F15: FAILURE | G15: MECHANICAL FAILURE | H15: Unplanned | I15: CUTTER | J15: WIRE FAILURE | K15: 45923.733 | L15: 45923.735 | M15: 3.1 | N15: https://zenodo.org/records/17855209 | O15: 公开真实生产数据 | P15: SHIFT-PRE-20250923 | Q15: 已关联 | R15: 按班次口径判断 | T15: 否
A16: STOP-PRE-00015 | B16: SHIFT-PRE-20250923 | C16: 改善前 | D16: 45923 | E16: 7KK25 | F16: MATERIALS | G16: MANUAL BRICK HANDLING | H16: Unplanned | I16: HACKING STATION | J16: ΤΟΥΒΛΑ ΕΣΠΑΖΑΝ | K16: 45923.742 | L16: 45923.767 | M16: 37.9 | N16: https://zenodo.org/records/17855209 | O16: 公开真实生产数据 | P16: SHIFT-PRE-20250923 | Q16: 已关联 | R16: 按班次口径判断 | T16: 否
A17: STOP-PRE-00016 | B17: SHIFT-PRE-20250923 | C17: 改善前 | D17: 45923 | E17: 7KK25 | F17: MATERIALS | G17: MANUAL BRICK HANDLING | H17: Unplanned | I17: EXTRUDER PRESS | J17: ΕΣΚΙΖΑΝ ΤΟΥΒΛΑ | K17: 45923.768 | L17: 45923.771 | M17: 4.3 | N17: https://zenodo.org/records/17855209 | O17: 公开真实生产数据 | P17: SHIFT-PRE-20250923 | Q17: 已关联 | R17: 按班次口径判断 | T17: 否
A18: STOP-PRE-00017 | B18: SHIFT-PRE-20250923 | C18: 改善前 | D18: 45923 | E18: 7KK25 | F18: MATERIALS | G18: RACK STARVATION | H18: Unplanned | I18: HACKING STATION | J18: ΕΞΑΓΩΓΗ ΤΕΛΑΡΩΝ ΑΠΟ ΠΑΚΑΤΑΔΟΡΟ | K18: 45923.781 | L18: 45923.812 | M18: 46 | N18: https://zenodo.org/records/17855209 | O18: 公开真实生产数据 | P18: SHIFT-PRE-20250923 | Q18: 已关联 | R18: 按班次口径判断 | T18: 否
A19: STOP-PRE-00018 | B19: SHIFT-PRE-20250924 | C19: 改善前 | D19: 45924 | E19: 7KK25 | F19: OPERATIONAL | G19: CLEANING | H19: Planned - Included in OEE | I19: EXTRUDER PRESS | J19: - | K19: 45924.469 | L19: 45924.472 | M19: 5.6 | N19: https://zenodo.org/records/17855209 | O19: 公开真实生产数据 | P19: SHIFT-PRE-20250924 | Q19: 已关联 | R19: 按班次口径判断 | T19: 否
A20: STOP-PRE-00019 | B20: SHIFT-PRE-20250924 | C20: 改善前 | D20: 45924 | E20: 7KK25 | F20: FAILURE | G20: AUTOMATION FAILURE | H20: Unplanned | I20: SILO | J20: ΔΕΝ ΕΚΚΙΝΟΥΣΕ ΤΟ ΣΙΛΟ (ΕΜΒΟΛΑ) | K20: 45924.474 | L20: 45924.482 | M20: 11.3 | N20: https://zenodo.org/records/17855209 | O20: 公开真实生产数据 | P20: SHIFT-PRE-20250924 | Q20: 已关联 | R20: 按班次口径判断 | T20: 否
A21: STOP-PRE-00020 | B21: SHIFT-PRE-20250924 | C21: 改善前 | D21: 45924 | E21: 7KK25 | F21: FAILURE | G21: AUTOMATION FAILURE | H21: Unplanned | I21: ROBOT (EXTRUDER PRESS) | J21: ΣΩΛΗΝΑΚΙ ΤΟΥ ΑΕΡΑ | K21: 45924.506 | L21: 45924.515 | M21: 12.1 | N21: https://zenodo.org/records/17855209 | O21: 公开真实生产数据 | P21: SHIFT-PRE-20250924 | Q21: 已关联 | R21: 按班次口径判断 | T21: 否
... A23: STOP-PRE-00022 | B23: SHIFT-PRE-20250924 | C23: 改善前 | D23: 45924 | E23: 7KK25 | F23: MATERIALS | G23: KILN CAR STARVATION | H23: Unplanned | I23: HACKING STATION | J23: ΔΕΝ ΕΠΙΑΝΕ ΤΟ ΒΑΓΟΝΙ Ο ΩΘΗΤΗΡΑΣ | K23: 45924.597 | L23: 45924.608 | M23: 15.4 | N23: https://zenodo.org/records/17855209 | O23: 公开真实生产数据 | P23: SHIFT-PRE-20250924 | Q23: 已关联 | R23: 按班次口径判断 | T23: 否
A24: STOP-PRE-00023 | B24: SHIFT-PRE-20250924 | C24: 改善前 | D24: 45924 | E24: 9KK30 | F24: SETUPS-CHANGEOVERS | G24: MATERIAL CHANGEOVER | H24: Planned - Included in OEE | I24: EXTRUDER PRESS | J24: - | K24: 45924.622 | L24: 45924.629 | M24: 11.3 | N24: https://zenodo.org/records/17855209 | O24: 公开真实生产数据 | P24: SHIFT-PRE-20250924 | Q24: 已关联 | R24: 按班次口径判断 | T24: 是 | U24: =IFERROR(VLOOKUP(G24,'18_换产标准_模拟'!$B$2:$F$4,3,FALSE),"") | V24: =IFERROR(MAX(M24-U24,0),"") | W24: =IFERROR(IF(V24=0,"达标",IF(V24<=VLOOKUP(G24,'18_换产标准_模拟'!$B$2:$F$4,4,FALSE)-VLOOKUP(G24,'18_换产标准_模拟'!$B$2:$F$4,3,FALSE),"轻微超时",IF(V24<=VLOOKUP(G24,'18_换产标准_模拟'!$B$2:$F$4,5,FALSE)-VLOOKUP(G24,'18_换产标准_模拟'!$B$2:$F$4,3,FALSE),"超时","严重超时"))),"") | X24: =IFERROR(INDEX('18_换产标准_模拟'!$A$2:$A$4,MATCH(G24,'18_换产标准_模拟'!$B$2:$B$4,0)),"") | Y24: 团队模拟数据
A25: STOP-PRE-00024 | B25: SHIFT-PRE-20250924 | C25: 改善前 | D25: 45924 | E25: 9KK30 | F25: FAILURE | G25: MECHANICAL FAILURE | H25: Unplanned | I25: CUTTER | J25: WIRE FAILURE | K25: 45924.717 | L25: 45924.721 | M25: 6.7 | N25: https://zenodo.org/records/17855209 | O25: 公开真实生产数据 | P25: SHIFT-PRE-20250924 | Q25: 已关联 | R25: 按班次口径判断 | T25: 否
A26: STOP-PRE-00025 | B26: SHIFT-PRE-20250924 | C26: 改善前 | D26: 45924 | E26: 9KK30 | F26: OPERATIONAL | G26: CLEANING | H26: Planned - Included in OEE | I26: EXTRUDER PRESS | J26: - | K26: 45924.776 | L26: 45924.799 | M26: 32.9 | N26: https://zenodo.org/records/17855209 | O26: 公开真实生产数据 | P26: SHIFT-PRE-20250924 | Q26: 已关联 | R26: 按班次口径判断 | T26: 否
A27: STOP-PRE-00026 | B27: SHIFT-PRE-20250924 | C27: 改善前 | D27: 45924 | E27: 9KK30 | F27: OPERATIONAL | G27: CLEANING | H27: Planned - Included in OEE | I27: ROBOT (EXTRUDER PRESS) | J27: - | K27: 45924.799 | L27: 45924.802 | M27: 4 | N27: https://zenodo.org/records/17855209 | O27: 公开真实生产数据 | P27: SHIFT-PRE-20250924 | Q27: 已关联 | R27: 按班次口径判断 | T27: 否
A28: STOP-PRE-00027 | B28: SHIFT-PRE-20250925 | C28: 改善前 | D28: 45925 | E28: 9KK30 | F28: OPERATIONAL | G28: CLEANING | H28: Planned - Included in OEE | I28: EXTRUDER PRESS | J28: - | K28: 45925.469 | L28: 45925.472 | M28: 4.4 | N28: https://zenodo.org/records/17855209 | O28: 公开真实生产数据 | P28: SHIFT-PRE-20250925 | Q28: 已关联 | R28: 按班次口径判断 | T28: 否
A29: STOP-PRE-00028 | B29: SHIFT-PRE-20250925 | C29: 改善前 | D29: 45925 | E29: 9KK25 | F29: SETUPS-CHANGEOVERS | G29: MATERIAL CHANGEOVER | H29: Planned - Included in OEE | I29: EXTRUDER PRESS | J29: - | K29: 45925.501 | L29: 45925.514 | M29: 18.5 | N29: https://zenodo.org/records/17855209 | O29: 公开真实生产数据 | P29: SHIFT-PRE-20250925 | Q29: 已关联 | R29: 按班次口径判断 | T29: 是 | U29: =IFERROR(VLOOKUP(G29,'18_换产标准_模拟'!$B$2:$F$4,3,FALSE),"") | V29: =IFERROR(MAX(M29-U29,0),"") | W29: =IFERROR(IF(V29=0,"达标",IF(V29<=VLOOKUP(G29,'18_换产标准_模拟'!$B$2:$F$4,4,FALSE)-VLOOKUP(G29,'18_换产标准_模拟'!$B$2:$F$4,3,FALSE),"轻微超时",IF(V29<=VLOOKUP(G29,'18_换产标准_模拟'!$B$2:$F$4,5,FALSE)-VLOOKUP(G29,'18_换产标准_模拟'!$B$2:$F$4,3,FALSE),"超时","严重超时"))),"") | X29: =IFERROR(INDEX('18_换产标准_模拟'!$A$2:$A$4,MATCH(G29,'18_换产标准_模拟'!$B$2:$B$4,0)),"") | Y29: 团队模拟数据
A30: STOP-PRE-00029 | B30: SHIFT-PRE-20250925 | C30: 改善前 | D30: 45925 | E30: 9KK25 | F30: MATERIALS | G30: RACK STARVATION | H30: Unplanned | I30: DRYER | J30: ΔΕΝ ΦΟΡΤΩΣΕ ΣΩΣΤΑ ΤΟ ΤΕΛΑΡΟ Ο ΜΕΤΑΦΟΡΕΑΣ | K30: 45925.54 | L30: 45925.547 | M30: 10.9 | N30: https://zenodo.org/records/17855209 | O30: 公开真实生产数据 | P30: SHIFT-PRE-20250925 | Q30: 已关联 | R30: 按班次口径判断 | T30: 否
A31: STOP-PRE-00030 | B31: SHIFT-PRE-20250925 | C31: 改善前 | D31: 45925 | E31: 9KK25 | F31: MATERIALS | G31: RACK STARVATION | H31: Unplanned | I31: HACKING STATION | J31: ΑΝΑΜΟΝΗ ΤΕΛΑΡΩΝ | K31: 45925.567 | L31: 45925.569 | M31: 4.7 | N31: https://zenodo.org/records/17855209 | O31: 公开真实生产数据 | P31: SHIFT-PRE-20250925 | Q31: 已关联 | R31: 按班次口径判断 | T31: 否
A32: STOP-PRE-00031 | B32: SHIFT-PRE-20250925 | C32: 改善前 | D32: 45925 | E32: 9KK25 | F32: FAILURE | G32: MECHANICAL FAILURE | H32: Unplanned | I32: HACKING STATION | J32: ΚΑΔΕΝΕΣ ΜΕΤΑΦΟΡΑΣ ΤΟΥΒΛΩΝ | K32: 45925.58 | L32: 45925.61 | M32: 43.8 | N32: https://zenodo.org/records/17855209 | O32: 公开真实生产数据 | P32: SHIFT-PRE-20250925 | Q32: 已关联 | R32: 按班次口径判断 | T32: 否
A33: STOP-PRE-00032 | B33: SHIFT-PRE-20250925 | C33: 改善前 | D33: 45925 | E33: 9KK25 | F33: MATERIALS | G33: RACK STARVATION | H33: Unplanned | I33: HACKING STATION | J33: ΑΝΑΜΟΝΗ ΤΕΛΑΡΩΝ | K33: 45925.625 | L33: 45925.627 | M33: 3.7 | N33: https://zenodo.org/records/17855209 | O33: 公开真实生产数据 | P33: SHIFT-PRE-20250925 | Q33: 已关联 | R33: 按班次口径判断 | T33: 否
A34: STOP-PRE-00033 | B34: SHIFT-PRE-20250925 | C34: 改善前 | D34: 45925 | E34: 9KK25 | F34: MATERIALS | G34: RACK STARVATION | H34: Unplanned | I34: HACKING STATION | J34: ΑΝΑΜΟΝΗ ΤΕΛΑΡΩΝ | K34: 45925.634 | L34: 45925.637 | M34: 4.3 | N34: https://zenodo.org/records/17855209 | O34: 公开真实生产数据 | P34: SHIFT-PRE-20250925 | Q34: 已关联 | R34: 按班次口径判断 | T34: 否
A35: STOP-PRE-00034 | B35: SHIFT-PRE-20250925 | C35: 改善前 | D35: 45925 | E35: 9KK25 | F35: FAILURE | G35: AUTOMATION FAILURE | H35: Unplanned | I35: HACKING STATION | J35: ΑΙΣΘΗΤΗΡΑΣ (ΜΑΤΙ) | K35: 45925.651 | L35: 45925.656 | M35: 8.4 | N35: https://zenodo.org/records/17855209 | O35: 公开真实生产数据 | P35: SHIFT-PRE-20250925 | Q35: 已关联 | R35: 按班次口径判断 | T35: 否
A36: STOP-PRE-00035 | B36: SHIFT-PRE-20250925 | C36: 改善前 | D36: 45925 | E36: 9KK25 | F36: SETUPS-CHANGEOVERS | G36: MATERIAL CHANGEOVER | H36: Planned - Included in OEE | I36: HACKING STATION | J36: - | K36: 45925.678 | L36: 45925.688 | M36: 15.7 | N36: https://zenodo.org/records/17855209 | O36: 公开真实生产数据 | P36: SHIFT-PRE-20250925 | Q36: 已关联 | R36: 按班次口径判断 | T36: 是 | U36: =IFERROR(VLOOKUP(G36,'18_换产标准_模拟'!$B$2:$F$4,3,FALSE),"") | V36: =IFERROR(MAX(M36-U36,0),"") | W36: =IFERROR(IF(V36=0,"达标",IF(V36<=VLOOKUP(G36,'18_换产标准_模拟'!$B$2:$F$4,4,FALSE)-VLOOKUP(G36,'18_换产标准_模拟'!$B$2:$F$4,3,FALSE),"轻微超时",IF(V36<=VLOOKUP(G36,'18_换产标准_模拟'!$B$2:$F$4,5,FALSE)-VLOOKUP(G36,'18_换产标准_模拟'!$B$2:$F$4,3,FALSE),"超时","严重超时"))),"") | X36: =IFERROR(INDEX('18_换产标准_模拟'!$A$2:$A$4,MATCH(G36,'18_换产标准_模拟'!$B$2:$B$4,0)),"") | Y36: 团队模拟数据
A37: STOP-PRE-00036 | B37: SHIFT-PRE-20250925 | C37: 改善前 | D37: 45925 | E37: 9KK25 | F37: OPERATIONAL | G37: NO PRODUCTION SCHEDULE | H37: Planned - Not included in OEE | I37: - | J37: ΔΕΝ ΕΙΧΕ ΞΕΡΑ ΤΟΥΒΛΑ | K37: 45925.75 | L37: 45925.812 | M37: 90 | N37: https://zenodo.org/records/17855209 | O37: 公开真实生产数据 | P37: SHIFT-PRE-20250925 | Q37: 已关联 | R37: 按班次口径判断 | T37: 否
A38: STOP-PRE-00037 | B38: SHIFT-PRE-20250926 | C38: 改善前 | D38: 45926 | E38: 9KK25 | F38: FAILURE | G38: AUTOMATION FAILURE | H38: Unplanned | I38: SILO | J38: ΔΕΝ ΕΚΚΙΝΟΥΣΕ ΤΟ ΣΙΛΟ (ΕΜΒΟΛΑ) | K38: 45926.477 | L38: 45926.483 | M38: 9.3 | N38: https://zenodo.org/records/17855209 | O38: 公开真实生产数据 | P38: SHIFT-PRE-20250926 | Q38: 已关联 | R38: 按班次口径判断 | T38: 否
A39: STOP-PRE-00038 | B39: SHIFT-PRE-20250926 | C39: 改善前 | D39: 45926 | E39: 9KK25 | F39: MATERIALS | G39: MANUAL BRICK HANDLING | H39: Unplanned | I39: HACKING STATION | J39: ΣΠΑΣΜΕΝΑ ΤΟΥΒΛΑ | K39: 45926.595 | L39: 45926.6 | M39: 7.4 | N39: https://zenodo.org/records/17855209 | O39: 公开真实生产数据 | P39: SHIFT-PRE-20250926 | Q39: 已关联 | R39: 按班次口径判断 | T39: 否
A40: STOP-PRE-00039 | B40: SHIFT-PRE-20250926 | C40: 改善前 | D40: 45926 | E40: 9KK25 | F40: MATERIALS | G40: MANUAL BRICK HANDLING | H40: Unplanned | I40: HACKING STATION | J40: ΣΠΑΣΜΕΝΑ ΤΟΥΒΛΑ | K40: 45926.615 | L40: 45926.62 | M40: 8.7 | N40: https://zenodo.org/records/17855209 | O40: 公开真实生产数据 | P40: SHIFT-PRE-20250926 | Q40: 已关联 | R40: 按班次口径判断 | T40: 否
A41: STOP-PRE-00040 | B41: SHIFT-PRE-20250926 | C41: 改善前 | D41: 45926 | E41: 9KK25 | F41: FAILURE | G41: OTHER FAILURE | H41: Unplanned | I41: PACKAGING | J41: ΕΣΚΙΖΕ ΤΟ ΦΙΛΜ | K41: 45926.656 | L41: 45926.666 | M41: 15.5 | N41: https://zenodo.org/records/17855209 | O41: 公开真实生产数据 | P41: SHIFT-PRE-20250926 | Q41: 已关联 | R41: 按班次口径判断 | T41: 否
A42: STOP-PRE-00041 | B42: SHIFT-PRE-20250926 | C42: 改善前 | D42: 45926 | E42: KK200-1 | F42: SETUPS-CHANGEOVERS | G42: MATERIAL CHANGEOVER | H42: Planned - Included in OEE | I42: EXTRUDER PRESS | J42: - | K42: 45926.673 | L42: 45926.684 | M42: 16.7 | N42: https://zenodo.org/records/17855209 | O42: 公开真实生产数据 | P42: SHIFT-PRE-20250926 | Q42: 已关联 | R42: 按班次口径判断 | T42: 是 | U42: =IFERROR(VLOOKUP(G42,'18_换产标准_模拟'!$B$2:$F$4,3,FALSE),"") | V42: =IFERROR(MAX(M42-U42,0),"") | W42: =IFERROR(IF(V42=0,"达标",IF(V42<=VLOOKUP(G42,'18_换产标准_模拟'!$B$2:$F$4,4,FALSE)-VLOOKUP(G42,'18_换产标准_模拟'!$B$2:$F$4,3,FALSE),"轻微超时",IF(V42<=VLOOKUP(G42,'18_换产标准_模拟'!$B$2:$F$4,5,FALSE)-VLOOKUP(G42,'18_换产标准_模拟'!$B$2:$F$4,3,FALSE),"超时","严重超时"))),"") | X42: =IFERROR(INDEX('18_换产标准_模拟'!$A$2:$A$4,MATCH(G42,'18_换产标准_模拟'!$B$2:$B$4,0)),"") | Y42: 团队模拟数据
A43: STOP-PRE-00042 | B43: SHIFT-PRE-20250926 | C43: 改善前 | D43: 45926 | E43: KK200-1 | F43: MATERIALS | G43: KILN CAR STARVATION | H43: Unplanned | I43: HACKING STATION | J43: ΑΝΑΜΟΝΗ ΒΑΓΟΝΙΩΝ | K43: 45926.712 | L43: 45926.722 | M43: 15.3 | N43: https://zenodo.org/records/17855209 | O43: 公开真实生产数据 | P43: SHIFT-PRE-20250926 | Q43: 已关联 | R43: 按班次口径判断 | T43: 否
A44: STOP-PRE-00043 | B44: SHIFT-PRE-20250926 | C44: 改善前 | D44: 45926 | E44: KK200-1 | F44: OPERATIONAL | G44: NO PRODUCTION SCHEDULE | H44: Planned - Not included in OEE | I44: - | J44: ΤΕΛΟΣ ΑΔΕΙΩΝ ΒΑΓΟΝΙΩΝ | K44: 45926.734 | L44: 45926.792 | M44: 83 | N44: https://zenodo.org/records/17855209 | O44: 公开真实生产数据 | P44: SHIFT-PRE-20250926 | Q44: 已关联 | R44: 按班次口径判断 | T44: 否
A45: STOP-PRE-00044 | B45: SHIFT-PRE-20250929 | C45: 改善前 | D45: 45929 | E45: KK200-1 | F45: OPERATIONAL | G45: CLEANING | H45: Planned - Included in OEE | I45: EXTRUDER PRESS | J45: - | K45: 45929.469 | L45: 45929.475 | M45: 9.5 | N45: https://zenodo.org/records/17855209 | O45: 公开真实生产数据 | P45: SHIFT-PRE-20250929 | Q45: 已关联 | R45: 按班次口径判断 | T45: 否
A46: STOP-PRE-00045 | B46: SHIFT-PRE-20250929 | C46: 改善前 | D46: 45929 | E46: KK200-1 | F46: MATERIALS | G46: MANUAL BRICK HANDLING | H46: Unplanned | I46: HACKING STATION | J46: ΣΠΑΣΜΕΝΑ ΤΟΥΒΛΑ (9ΚΚ30) | K46: 45929.485 | L46: 45929.494 | M46: 12.9 | N46: https://zenodo.org/records/17855209 | O46: 公开真实生产数据 | P46: SHIFT-PRE-20250929 | Q46: 已关联 | R46: 按班次口径判断 | T46: 否
A47: STOP-PRE-00046 | B47: SHIFT-PRE-20250929 | C47: 改善前 | D47: 45929 | E47: KK200-1 | F47: SETUPS-CHANGEOVERS | G47: WIRE ROLL REPLACEMENT | H47: Unplanned | I47: CUTTER | J47: - | K47: 45929.5 | L47: 45929.509 | M47: 14 | N47: https://zenodo.org/records/17855209 | O47: 公开真实生产数据 | P47: SHIFT-PRE-20250929 | Q47: 已关联 | R47: 按班次口径判断 | T47: 是 | U47: =IFERROR(VLOOKUP(G47,'18_换产标准_模拟'!$B$2:$F$4,3,FALSE),"") | V47: =IFERROR(MAX(M47-U47,0),"") | W47: =IFERROR(IF(V47=0,"达标",IF(V47<=VLOOKUP(G47,'18_换产标准_模拟'!$B$2:$F$4,4,FALSE)-VLOOKUP(G47,'18_换产标准_模拟'!$B$2:$F$4,3,FALSE),"轻微超时",IF(V47<=VLOOKUP(G47,'18_换产标准_模拟'!$B$2:$F$4,5,FALSE)-VLOOKUP(G47,'18_换产标准_模拟'!$B$2:$F$4,3,FALSE),"超时","严重超时"))),"") | X47: =IFERROR(INDEX('18_换产标准_模拟'!$A$2:$A$4,MATCH(G47,'18_换产标准_模拟'!$B$2:$B$4,0)),"") | Y47: 团队模拟数据
A48: STOP-PRE-00047 | B48: SHIFT-PRE-20250929 | C48: 改善前 | D48: 45929 | E48: KK200-1 | F48: FAILURE | G48: AUTOMATION FAILURE | H48: Unplanned | I48: HACKING STATION | J48: ΑΙΣΘΗΤΗΡΑΣ (ΜΑΤΙ). ΧΤΥΠΗΣΑΝ ΤΟΥΒΛΑ ΠΑΝΩ | K48: 45929.517 | L48: 45929.519 | M48: 3.5 | N48: https://zenodo.org/records/17855209 | O48: 公开真实生产数据 | P48: SHIFT-PRE-20250929 | Q48: 已关联 | R48: 按班次口径判断 | T48: 否
A49: STOP-PRE-00048 | B49: SHIFT-PRE-20250929 | C49: 改善前 | D49: 45929 | E49: KK200-1 | F49: FAILURE | G49: MECHANICAL FAILURE | H49: Unplanned | I49: CUTTER | J49: WIRE FAILURE | K49: 45929.542 | L49: 45929.55 | M49: 11.7 | N49: https://zenodo.org/records/17855209 | O49: 公开真实生产数据 | P49: SHIFT-PRE-20250929 | Q49: 已关联 | R49: 按班次口径判断 | T49: 否
A50: STOP-PRE-00049 | B50: SHIFT-PRE-20250929 | C50: 改善前 | D50: 45929 | E50: KK200-1 | F50: MATERIALS | G50: MANUAL BRICK HANDLING | H50: Unplanned | I50: HACKING STATION | J50: ΣΠΑΣΜΕΝΑ ΤΟΥΒΛΑ (9ΚΚ30) | K50: 45929.599 | L50: 45929.601 | M50: 4.6 | N50: https://zenodo.org/records/17855209 | O50: 公开真实生产数据 | P50: SHIFT-PRE-20250929 | Q50: 已关联 | R50: 按班次口径判断 | T50: 否
A51: STOP-PRE-00050 | B51: SHIFT-PRE-20250929 | C51: 改善前 | D51: 45929 | E51: KK200-1 | F51: MATERIALS | G51: MANUAL BRICK HANDLING | H51: Unplanned | I51: HACKING STATION | J51: ΣΠΑΣΜΕΝΑ ΤΟΥΒΛΑ (9ΚΚ30) | K51: 45929.606 | L51: 45929.61 | M51: 6.4 | N51: https://zenodo.org/records/17855209 | O51: 公开真实生产数据 | P51: SHIFT-PRE-20250929 | Q51: 已关联 | R51: 按班次口径判断 | T51: 否
A52: STOP-PRE-00051 | B52: SHIFT-PRE-20250929 | C52: 改善前 | D52: 45929 | E52: KK250 | F52: SETUPS-CHANGEOVERS | G52: MATERIAL CHANGEOVER | H52: Planned - Included in OEE | I52: EXTRUDER PRESS | J52: - | K52: 45929.64 | L52: 45929.648 | M52: 12 | N52: https://zenodo.org/records/17855209 | O52: 公开真实生产数据 | P52: SHIFT-PRE-20250929 | Q52: 已关联 | R52: 按班次口径判断 | T52: 是 | U52: =IFERROR(VLOOKUP(G52,'18_换产标准_模拟'!$B$2:$F$4,3,FALSE),"") | V52: =IFERROR(MAX(M52-U52,0),"") | W52: =IFERROR(IF(V52=0,"达标",IF(V52<=VLOOKUP(G52,'18_换产标准_模拟'!$B$2:$F$4,4,FALSE)-VLOOKUP(G52,'18_换产标准_模拟'!$B$2:$F$4,3,FALSE),"轻微超时",IF(V52<=VLOOKUP(G52,'18_换产标准_模拟'!$B$2:$F$4,5,FALSE)-VLOOKUP(G52,'18_换产标准_模拟'!$B$2:$F$4,3,FALSE),"超时","严重超时"))),"") | X52: =IFERROR(INDEX('18_换产标准_模拟'!$A$2:$A$4,MATCH(G52,'18_换产标准_模拟'!$B$2:$B$4,0)),"") | Y52: 团队模拟数据
A53: STOP-PRE-00052 | B53: SHIFT-PRE-20250929 | C53: 改善前 | D53: 45929 | E53: KK250 | F53: SETUPS-CHANGEOVERS | G53: OTHER CALIBRATION | H53: Unplanned | I53: ROBOT (HACKING STATION) | J53: ΑΙΣΘΗΤΗΡΑΣ ΡΥΘΜΙΣΗ (ΕΠΕΣΑΝ ΤΟΥΒΛΑ ΠΑΝΩ) | K53: 45929.692 | L53: 45929.709 | M53: 24.9 | N53: https://zenodo.org/records/17855209 | O53: 公开真实生产数据 | P53: SHIFT-PRE-20250929 | Q53: 已关联 | R53: 按班次口径判断 | T53: 是 | U53: =IFERROR(VLOOKUP(G53,'18_换产标准_模拟'!$B$2:$F$4,3,FALSE),"") | V53: =IFERROR(MAX(M53-U53,0),"") | W53: =IFERROR(IF(V53=0,"达标",IF(V53<=VLOOKUP(G53,'18_换产标准_模拟'!$B$2:$F$4,4,FALSE)-VLOOKUP(G53,'18_换产标准_模拟'!$B$2:$F$4,3,FALSE),"轻微超时",IF(V53<=VLOOKUP(G53,'18_换产标准_模拟'!$B$2:$F$4,5,FALSE)-VLOOKUP(G53,'18_换产标准_模拟'!$B$2:$F$4,3,FALSE),"超时","严重超时"))),"") | X53: =IFERROR(INDEX('18_换产标准_模拟'!$A$2:$A$4,MATCH(G53,'18_换产标准_模拟'!$B$2:$B$4,0)),"") | Y53: 团队模拟数据
A54: STOP-PRE-00053 | B54: SHIFT-PRE-20250929 | C54: 改善前 | D54: 45929 | E54: KK250 | F54: MATERIALS | G54: RACK STARVATION | H54: Unplanned | I54: HACKING STATION | J54: ΑΝΑΜΟΝΗ ΤΕΛΑΡΩΝ ΛΟΓΩ ΠΡΟΗΓΟΥΜΕΝΗΣ ΒΛΑΒΗΣ | K54: 45929.713 | L54: 45929.715 | M54: 3.8 | N54: https://zenodo.org/records/17855209 | O54: 公开真实生产数据 | P54: SHIFT-PRE-20250929 | Q54: 已关联 | R54: 按班次口径判断 | T54: 否
A55: STOP-PRE-00054 | B55: SHIFT-PRE-20250929 | C55: 改善前 | D55: 45929 | E55: KK250 | F55: MATERIALS | G55: MANUAL BRICK HANDLING | H55: Unplanned | I55: HACKING STATION | J55: ΣΠΑΣΜΕΝΑ ΤΟΥΒΛΑ (9ΚΚ25) | K55: 45929.74 | L55: 45929.748 | M55: 12.2 | N55: https://zenodo.org/records/17855209 | O55: 公开真实生产数据 | P55: SHIFT-PRE-20250929 | Q55: 已关联 | R55: 按班次口径判断 | T55: 否
A56: STOP-PRE-00055 | B56: SHIFT-PRE-20250929 | C56: 改善前 | D56: 45929 | E56: KK250 | F56: FAILURE | G56: AUTOMATION FAILURE | H56: Unplanned | I56: DRYER | J56: ΕΙΣΟΔΟ ΞΥΡΑΝΤ. ΔΕΝ ΦΟΡΤΩΣΕ ΤΕΛΑΡΟ | K56: 45929.756 | L56: 45929.758 | M56: 4.5 | N56: https://zenodo.org/records/17855209 | O56: 公开真实生产数据 | P56: SHIFT-PRE-20250929 | Q56: 已关联 | R56: 按班次口径判断 | T56: 否
A57: STOP-PRE-00056 | B57: SHIFT-PRE-20250929 | C57: 改善前 | D57: 45929 | E57: KK250 | F57: FAILURE | G57: MECHANICAL FAILURE | H57: Unplanned | I57: HYDRAULIC ELEVATOR (LOADING) | J57: ΕΣΠΑΣΕ ΓΡΑΝΑΖΙ ΣΤΟ ΡΟΛΟ ΕΙΣΟΔΟΥ | K57: 45929.778 | L57: 45929.812 | M57: 49 | N57: https://zenodo.org/records/17855209 | O57: 公开真实生产数据 | P57: SHIFT-PRE-20250929 | Q57: 已关联 | R57: 按班次口径判断 | T57: 否
A58: STOP-PRE-00057 | B58: SHIFT-PRE-20250930 | C58: 改善前 | D58: 45930 | E58: KK250 | F58: OPERATIONAL | G58: CLEANING | H58: Planned - Included in OEE | I58: CUTTER | J58: - | K58: 45930.469 | L58: 45930.474 | M58: 8 | N58: https://zenodo.org/records/17855209 | O58: 公开真实生产数据 | P58: SHIFT-PRE-20250930 | Q58: 已关联 | R58: 按班次口径判断 | T58: 否
A59: STOP-PRE-00058 | B59: SHIFT-PRE-20250930 | C59: 改善前 | D59: 45930 | E59: KK250 | F59: FAILURE | G59: MECHANICAL FAILURE | H59: Unplanned | I59: DRYER | J59: ΤΡΟΧΟΣ ΜΕΤΑΦΟΡΕΑ ΕΙΣΟΔΟΥ (ΕΣΠΑΣΕ Η ΒΑΣΗ) | K59: 45930.49 | L59: 45930.492 | M59: 3.8 | N59: https://zenodo.org/records/17855209 | O59: 公开真实生产数据 | P59: SHIFT-PRE-20250930 | Q59: 已关联 | R59: 按班次口径判断 | T59: 否
A60: STOP-PRE-00059 | B60: SHIFT-PRE-20250930 | C60: 改善前 | D60: 45930 | E60: KK250 | F60: FAILURE | G60: MECHANICAL FAILURE | H60: Unplanned | I60: DRYER | J60: ΤΡΟΧΟΣ ΜΕΤΑΦΟΡΕΑ ΕΙΣΟΔΟΥ (ΕΣΠΑΣΕ Η ΒΑΣΗ) | K60: 45930.494 | L60: 45930.548 | M60: 78 | N60: https://zenodo.org/records/17855209 | O60: 公开真实生产数据 | P60: SHIFT-PRE-20250930 | Q60: 已关联 | R60: 按班次口径判断 | T60: 否
A61: STOP-PRE-00060 | B61: SHIFT-PRE-20250930 | C61: 改善前 | D61: 45930 | E61: 7KK25 | F61: SETUPS-CHANGEOVERS | G61: MATERIAL CHANGEOVER | H61: Planned - Included in OEE | I61: EXTRUDER PRESS | J61: - | K61: 45930.558 | L61: 45930.567 | M61: 13.4 | N61: https://zenodo.org/records/17855209 | O61: 公开真实生产数据 | P61: SHIFT-PRE-20250930 | Q61: 已关联 | R61: 按班次口径判断 | T61: 是 | U61: =IFERROR(VLOOKUP(G61,'18_换产标准_模拟'!$B$2:$F$4,3,FALSE),"") | V61: =IFERROR(MAX(M61-U61,0),"") | W61: =IFERROR(IF(V61=0,"达标",IF(V61<=VLOOKUP(G61,'18_换产标准_模拟'!$B$2:$F$4,4,FALSE)-VLOOKUP(G61,'18_换产标准_模拟'!$B$2:$F$4,3,FALSE),"轻微超时",IF(V61<=VLOOKUP(G61,'18_换产标准_模拟'!$B$2:$F$4,5,FALSE)-VLOOKUP(G61,'18_换产标准_模拟'!$B$2:$F$4,3,FALSE),"超时","严重超时"))),"") | X61: =IFERROR(INDEX('18_换产标准_模拟'!$A$2:$A$4,MATCH(G61,'18_换产标准_模拟'!$B$2:$B$4,0)),"") | Y61: 团队模拟数据
A62: STOP-PRE-00061 | B62: SHIFT-PRE-20250930 | C62: 改善前 | D62: 45930 | E62: 7KK25 | F62: SETUPS-CHANGEOVERS | G62: WIRE ROLL REPLACEMENT | H62: Unplanned | I62: CUTTER | J62: - | K62: 45930.635 | L62: 45930.644 | M62: 13.5 | N62: https://zenodo.org/records/17855209 | O62: 公开真实生产数据 | P62: SHIFT-PRE-20250930 | Q62: 已关联 | R62: 按班次口径判断 | T62: 是 | U62: =IFERROR(VLOOKUP(G62,'18_换产标准_模拟'!$B$2:$F$4,3,FALSE),"") | V62: =IFERROR(MAX(M62-U62,0),"") | W62: =IFERROR(IF(V62=0,"达标",IF(V62<=VLOOKUP(G62,'18_换产标准_模拟'!$B$2:$F$4,4,FALSE)-VLOOKUP(G62,'18_换产标准_模拟'!$B$2:$F$4,3,FALSE),"轻微超时",IF(V62<=VLOOKUP(G62,'18_换产标准_模拟'!$B$2:$F$4,5,FALSE)-VLOOKUP(G62,'18_换产标准_模拟'!$B$2:$F$4,3,FALSE),"超时","严重超时"))),"") | X62: =IFERROR(INDEX('18_换产标准_模拟'!$A$2:$A$4,MATCH(G62,'18_换产标准_模拟'!$B$2:$B$4,0)),"") | Y62: 团队模拟数据
A63: STOP-PRE-00062 | B63: SHIFT-PRE-20250930 | C63: 改善前 | D63: 45930 | E63: 7KK25 | F63: FAILURE | G63: MECHANICAL FAILURE | H63: Unplanned | I63: HYDRAULIC ELEVATOR (UNLOADING) | J63: ΚΑΔΕΝΑ | K63: 45930.662 | L63: 45930.666 | M63: 5.2 | N63: https://zenodo.org/records/17855209 | O63: 公开真实生产数据 | P63: SHIFT-PRE-20250930 | Q63: 已关联 | R63: 按班次口径判断 | T63: 否
A64: STOP-PRE-00063 | B64: SHIFT-PRE-20250930 | C64: 改善前 | D64: 45930 | E64: 7KK25 | F64: FAILURE | G64: MECHANICAL FAILURE | H64: Unplanned | I64: HYDRAULIC ELEVATOR (UNLOADING) | J64: ΚΑΔΕΝΑ | K64: 45930.668 | L64: 45930.683 | M64: 21.3 | N64: https://zenodo.org/records/17855209 | O64: 公开真实生产数据 | P64: SHIFT-PRE-20250930 | Q64: 已关联 | R64: 按班次口径判断 | T64: 否
A65: STOP-PRE-00064 | B65: SHIFT-PRE-20250930 | C65: 改善前 | D65: 45930 | E65: 7KK25 | F65: FAILURE | G65: MECHANICAL FAILURE | H65: Unplanned | I65: HYDRAULIC ELEVATOR (UNLOADING) | J65: ΚΑΔΕΝΑ | K65: 45930.684 | L65: 45930.692 | M65: 11.4 | N65: https://zenodo.org/records/17855209 | O65: 公开真实生产数据 | P65: SHIFT-PRE-20250930 | Q65: 已关联 | R65: 按班次口径判断 | T65: 否
A66: STOP-PRE-00065 | B66: SHIFT-PRE-20250930 | C66: 改善前 | D66: 45930 | E66: 7KK25 | F66: FAILURE | G66: MECHANICAL FAILURE | H66: Unplanned | I66: DRYER | J66: ΣΠΑΣΜΕΝΟ ΦΡΕΝΟ ΤΕΛΑΡΟΥ ΣΤΟΝ ΜΕΤΑΦ. ΕΞΟΔΟΥ | K66: 45930.693 | L66: 45930.708 | M66: 22.4 | N66: https://zenodo.org/records/17855209 | O66: 公开真实生产数据 | P66: SHIFT-PRE-20250930 | Q66: 已关联 | R66: 按班次口径判断 | T66: 否
A67: STOP-PRE-00066 | B67: SHIFT-PRE-20250930 | C67: 改善前 | D67: 45930 | E67: 7KK25 | F67: FAILURE | G67: MECHANICAL FAILURE | H67: Unplanned | I67: HYDRAULIC ELEVATOR (UNLOADING) | J67: ΚΑΔΕΝΑ | K67: 45930.717 | L67: 45930.742 | M67: 37.3 | N67: https://zenodo.org/records/17855209 | O67: 公开真实生产数据 | P67: SHIFT-PRE-20250930 | Q67: 已关联 | R67: 按班次口径判断 | T67: 否
A68: STOP-PRE-00067 | B68: SHIFT-PRE-20250930 | C68: 改善前 | D68: 45930 | E68: 7KK25 | F68: MATERIALS | G68: RACK STARVATION | H68: Unplanned | I68: HACKING STATION | J68: ΑΝΑΜΟΝΗ ΤΕΛΑΡΩΝ | K68: 45930.762 | L68: 45930.767 | M68: 6.9 | N68: https://zenodo.org/records/17855209 | O68: 公开真实生产数据 | P68: SHIFT-PRE-20250930 | Q68: 已关联 | R68: 按班次口径判断 | T68: 否
A69: STOP-PRE-00068 | B69: SHIFT-PRE-20250930 | C69: 改善前 | D69: 45930 | E69: 7KK25 | F69: OPERATIONAL | G69: NO PRODUCTION SCHEDULE | H69: Planned - Not included in OEE | I69: - | J69: - | K69: 45930.785 | L69: 45930.812 | M69: 40 | N69: https://zenodo.org/records/17855209 | O69: 公开真实生产数据 | P69: SHIFT-PRE-20250930 | Q69: 已关联 | R69: 按班次口径判断 | T69: 否
A70: STOP-PRE-00069 | B70: SHIFT-PRE-20251002 | C70: 改善前 | D70: 45932 | E70: 7KK25 | F70: OPERATIONAL | G70: CLEANING | H70: Planned - Included in OEE | I70: EXTRUDER PRESS | J70: - | K70: 45932.469 | L70: 45932.471 | M70: 3.9 | N70: https://zenodo.org/records/17855209 | O70: 公开真实生产数据 | P70: SHIFT-PRE-20251002 | Q70: 已关联 | R70: 按班次口径判断 | T70: 否
A71: STOP-PRE-00070 | B71: SHIFT-PRE-20251002 | C71: 改善前 | D71: 45932 | E71: 9KK25 | F71: SETUPS-CHANGEOVERS | G71: MATERIAL CHANGEOVER | H71: Planned - Included in OEE | I71: EXTRUDER PRESS | J71: - | K71: 45932.508 | L71: 45932.517 | M71: 14.5 | N71: https://zenodo.org/records/17855209 | O71: 公开真实生产数据 | P71: SHIFT-PRE-20251002 | Q71: 已关联 | R71: 按班次口径判断 | T71: 是 | U71: =IFERROR(VLOOKUP(G71,'18_换产标准_模拟'!$B$2:$F$4,3,FALSE),"") | V71: =IFERROR(MAX(M71-U71,0),"") | W71: =IFERROR(IF(V71=0,"达标",IF(V71<=VLOOKUP(G71,'18_换产标准_模拟'!$B$2:$F$4,4,FALSE)-VLOOKUP(G71,'18_换产标准_模拟'!$B$2:$F$4,3,FALSE),"轻微超时",IF(V71<=VLOOKUP(G71,'18_换产标准_模拟'!$B$2:$F$4,5,FALSE)-VLOOKUP(G71,'18_换产标准_模拟'!$B$2:$F$4,3,FALSE),"超时","严重超时"))),"") | X71: =IFERROR(INDEX('18_换产标准_模拟'!$A$2:$A$4,MATCH(G71,'18_换产标准_模拟'!$B$2:$B$4,0)),"") | Y71: 团队模拟数据
A72: STOP-PRE-00071 | B72: SHIFT-PRE-20251002 | C72: 改善前 | D72: 45932 | E72: 9KK25 | F72: FAILURE | G72: MECHANICAL FAILURE | H72: Unplanned | I72: DRYER | J72: ΟΧΙ ΠΙΣΩ ΩΘΗΤΗΡΑΣ ΜΕΤΑΦ. ΕΞΟΔΟΥ | K72: 45932.61 | L72: 45932.612 | M72: 3.3 | N72: https://zenodo.org/records/17855209 | O72: 公开真实生产数据 | P72: SHIFT-PRE-20251002 | Q72: 已关联 | R72: 按班次口径判断 | T72: 否
A73: STOP-PRE-00072 | B73: SHIFT-PRE-20251002 | C73: 改善前 | D73: 45932 | E73: 9KK25 | F73: FAILURE | G73: MECHANICAL FAILURE | H73: Unplanned | I73: HYDRAULIC ELEVATOR (UNLOADING) | J73: ΓΩΝΙΑ ΡΟΛΟΥ | K73: 45932.619 | L73: 45932.631 | M73: 16.6 | N73: https://zenodo.org/records/17855209 | O73: 公开真实生产数据 | P73: SHIFT-PRE-20251002 | Q73: 已关联 | R73: 按班次口径判断 | T73: 否
A74: STOP-PRE-00073 | B74: SHIFT-PRE-20251002 | C74: 改善前 | D74: 45932 | E74: 9KK25 | F74: FAILURE | G74: MECHANICAL FAILURE | H74: Unplanned | I74: HYDRAULIC ELEVATOR (UNLOADING) | J74: ΓΩΝΙΑ ΡΟΛΟΥ | K74: 45932.653 | L74: 45932.657 | M74: 6.8 | N74: https://zenodo.org/records/17855209 | O74: 公开真实生产数据 | P74: SHIFT-PRE-20251002 | Q74: 已关联 | R74: 按班次口径判断 | T74: 否
A75: STOP-PRE-00074 | B75: SHIFT-PRE-20251002 | C75: 改善前 | D75: 45932 | E75: 9KK25 | F75: FAILURE | G75: AUTOMATION FAILURE | H75: Unplanned | I75: ROBOT (EXTRUDER PRESS) | J75: ΞΑΦΝΙΚΟ ΑΛΑΡΜ ΚΑΙ ΣΤΑΜΑΤΗΜΑ (ΕΠΑΝΑΦΟΡΑ ΡΕΥΜΑΤΟΣ ΓΙΑ ΕΠΙΛΥΣΗ) | K75: 45932.667 | L75: 45932.673 | M75: 8.5 | N75: https://zenodo.org/records/17855209 | O75: 公开真实生产数据 | P75: SHIFT-PRE-20251002 | Q75: 已关联 | R75: 按班次口径判断 | T75: 否
A76: STOP-PRE-00075 | B76: SHIFT-PRE-20251002 | C76: 改善前 | D76: 45932 | E76: 9KK25 | F76: OPERATIONAL | G76: CLEANING | H76: Planned - Included in OEE | I76: EXTRUDER PRESS | J76: - | K76: 45932.784 | L76: 45932.812 | M76: 41 | N76: https://zenodo.org/records/17855209 | O76: 公开真实生产数据 | P76: SHIFT-PRE-20251002 | Q76: 已关联 | R76: 按班次口径判断 | T76: 否
A77: STOP-PRE-00076 | B77: SHIFT-PRE-20251003 | C77: 改善前 | D77: 45933 | E77: KK250 | F77: FAILURE | G77: MECHANICAL FAILURE | H77: Unplanned | I77: CUTTER | J77: CONVAYOR PROBLEM | K77: 45933.472 | L77: 45933.474 | M77: 4 | N77: https://zenodo.org/records/17855209 | O77: 公开真实生产数据 | P77: SHIFT-PRE-20251003 | Q77: 已关联 | R77: 按班次口径判断 | T77: 否
A78: STOP-PRE-00077 | B78: SHIFT-PRE-20251003 | C78: 改善前 | D78: 45933 | E78: KK250 | F78: SETUPS-CHANGEOVERS | G78: MATERIAL CHANGEOVER | H78: Planned - Included in OEE | I78: EXTRUDER PRESS | J78: - | K78: 45933.474 | L78: 45933.488 | M78: 20.5 | N78: https://zenodo.org/records/17855209 | O78: 公开真实生产数据 | P78: SHIFT-PRE-20251003 | Q78: 已关联 | R78: 按班次口径判断 | T78: 是 | U78: =IFERROR(VLOOKUP(G78,'18_换产标准_模拟'!$B$2:$F$4,3,FALSE),"") | V78: =IFERROR(MAX(M78-U78,0),"") | W78: =IFERROR(IF(V78=0,"达标",IF(V78<=VLOOKUP(G78,'18_换产标准_模拟'!$B$2:$F$4,4,FALSE)-VLOOKUP(G78,'18_换产标准_模拟'!$B$2:$F$4,3,FALSE),"轻微超时",IF(V78<=VLOOKUP(G78,'18_换产标准_模拟'!$B$2:$F$4,5,FALSE)-VLOOKUP(G78,'18_换产标准_模拟'!$B$2:$F$4,3,FALSE),"超时","严重超时"))),"") | X78: =IFERROR(INDEX('18_换产标准_模拟'!$A$2:$A$4,MATCH(G78,'18_换产标准_模拟'!$B$2:$B$4,0)),"") | Y78: 团队模拟数据
A79: STOP-PRE-00078 | B79: SHIFT-PRE-20251003 | C79: 改善前 | D79: 45933 | E79: KK250 | F79: FAILURE | G79: AUTOMATION FAILURE | H79: Unplanned | I79: DRYER | J79: ΜΗ ΣΩΣΤΗ ΦΟΡΤΩΣΗ ΤΕΛΑΡΟΥ ΣΤΟ ΜΕΤΑΦ.ΕΙΣΟΔΟΥ | K79: 45933.501 | L79: 45933.508 | M79: 11 | N79: https://zenodo.org/records/17855209 | O79: 公开真实生产数据 | P79: SHIFT-PRE-20251003 | Q79: 已关联 | R79: 按班次口径判断 | T79: 否
A80: STOP-PRE-00079 | B80: SHIFT-PRE-20251003 | C80: 改善前 | D80: 45933 | E80: KK250 | F80: FAILURE | G80: AUTOMATION FAILURE | H80: Unplanned | I80: HACKING STATION | J80: ΜΠΑΡΑ ΩΘΗΤΗ (ΠΡΙΝ ΤΑ ΡΟΜΠΟΤ) | K80: 45933.544 | L80: 45933.562 | M80: 27 | N80: https://zenodo.org/records/17855209 | O80: 公开真实生产数据 | P80: SHIFT-PRE-20251003 | Q80: 已关联 | R80: 按班次口径判断 | T80: 否
A81: STOP-PRE-00080 | B81: SHIFT-PRE-20251003 | C81: 改善前 | D81: 45933 | E81: KK250 | F81: FAILURE | G81: AUTOMATION FAILURE | H81: Unplanned | I81: HACKING STATION | J81: ΠΛΕΥΜΑΤΙΚΗ ΒΛΑΒΗ ΣΤΗΝ ΠΙΣΩ ΜΠΑΡΑ ΩΘΗΤΗ (ΑΛΛΑΧΘΗΚΕ ΚΑΡΤΑ ΚΑΙ ΒΑΛΒΙΔΑ) | K81: 45933.565 | L81: 45933.693 | M81: 185.8 | N81: https://zenodo.org/records/17855209 | O81: 公开真实生产数据 | P81: SHIFT-PRE-20251003 | Q81: 已关联 | R81: 按班次口径判断 | T81: 否
A82: STOP-PRE-00081 | B82: SHIFT-PRE-20251003 | C82: 改善前 | D82: 45933 | E82: KK250 | F82: MATERIALS | G82: MANUAL BRICK HANDLING | H82: Unplanned | I82: HACKING STATION | J82: ΣΠΑΣΜΕΝΑ ΤΟΥΒΛΑ (ΚΚ250) | K82: 45933.713 | L82: 45933.715 | M82: 3.7 | N82: https://zenodo.org/records/17855209 | O82: 公开真实生产数据 | P82: SHIFT-PRE-20251003 | Q82: 已关联 | R82: 按班次口径判断 | T82: 否
A83: STOP-PRE-00082 | B83: SHIFT-PRE-20251003 | C83: 改善前 | D83: 45933 | E83: KK250 | F83: OPERATIONAL | G83: OTHER | H83: Unplanned | I83: HYDRAULIC ELEVATOR (UNLOADING) | J83: ΜΕΤΡΗΜΑ ΓΙΑ ΝΕΟ ΣΥΣΤΗΜΑ ΕΚΦΟΡΤΩΣΗΣ (ΚΡΚ) | K83: 45933.726 | L83: 45933.731 | M83: 6.4 | N83: https://zenodo.org/records/17855209 | O83: 公开真实生产数据 | P83: SHIFT-PRE-20251003 | Q83: 已关联 | R83: 按班次口径判断 | T83: 否
A84: STOP-PRE-00083 | B84: SHIFT-PRE-20251003 | C84: 改善前 | D84: 45933 | E84: KK250 | F84: MATERIALS | G84: MANUAL BRICK HANDLING | H84: Unplanned | I84: HACKING STATION | J84: ΣΠΑΣΜΕΝΑ ΤΟΥΒΛΑ (ΚΚ250) | K84: 45933.734 | L84: 45933.738 | M84: 5.6 | N84: https://zenodo.org/records/17855209 | O84: 公开真实生产数据 | P84: SHIFT-PRE-20251003 | Q84: 已关联 | R84: 按班次口径判断 | T84: 否
A85: STOP-PRE-00084 | B85: SHIFT-PRE-20251003 | C85: 改善前 | D85: 45933 | E85: KK250 | F85: MATERIALS | G85: MANUAL BRICK HANDLING | H85: Unplanned | I85: HACKING STATION | J85: ΣΠΑΣΜΕΝΑ ΤΟΥΒΛΑ (ΚΚ250) | K85: 45933.744 | L85: 45933.756 | M85: 17.5 | N85: https://zenodo.org/records/17855209 | O85: 公开真实生产数据 | P85: SHIFT-PRE-20251003 | Q85: 已关联 | R85: 按班次口径判断 | T85: 否
A86: STOP-PRE-00085 | B86: SHIFT-PRE-20251003 | C86: 改善前 | D86: 45933 | E86: KK250 | F86: MATERIALS | G86: MANUAL BRICK HANDLING | H86: Unplanned | I86: HACKING STATION | J86: ΣΠΑΣΜΕΝΑ ΤΟΥΒΛΑ | K86: 45933.768 | L86: 45933.771 | M86: 4.4 | N86: https://zenodo.org/records/17855209 | O86: 公开真实生产数据 | P86: SHIFT-PRE-20251003 | Q86: 已关联 | R86: 按班次口径判断 | T86: 否
A87: STOP-PRE-00086 | B87: SHIFT-PRE-20251003 | C87: 改善前 | D87: 45933 | E87: KK250 | F87: OPERATIONAL | G87: CLEANING | H87: Planned - Included in OEE | I87: HACKING STATION | J87: - | K87: 45933.784 | L87: 45933.792 | M87: 11 | N87: https://zenodo.org/records/17855209 | O87: 公开真实生产数据 | P87: SHIFT-PRE-20251003 | Q87: 已关联 | R87: 按班次口径判断 | T87: 否
A88: STOP-PRE-00087 | B88: SHIFT-PRE-20251006 | C88: 改善前 | D88: 45936 | E88: KK250 | F88: OPERATIONAL | G88: CLEANING | H88: Planned - Included in OEE | I88: EXTRUDER PRESS | J88: - | K88: 45936.469 | L88: 45936.472 | M88: 5 | N88: https://zenodo.org/records/17855209 | O88: 公开真实生产数据 | P88: SHIFT-PRE-20251006 | Q88: 已关联 | R88: 按班次口径判断 | T88: 否
A89: STOP-PRE-00088 | B89: SHIFT-PRE-20251006 | C89: 改善前 | D89: 45936 | E89: KK250 | F89: OPERATIONAL | G89: CLEANING | H89: Planned - Included in OEE | I89: EXTRUDER PRESS | J89: - | K89: 45936.472 | L89: 45936.474 | M89: 3.2 | N89: https://zenodo.org/records/17855209 | O89: 公开真实生产数据 | P89: SHIFT-PRE-20251006 | Q89: 已关联 | R89: 按班次口径判断 | T89: 否
A90: STOP-PRE-00089 | B90: SHIFT-PRE-20251006 | C90: 改善前 | D90: 45936 | E90: KK250 | F90: FAILURE | G90: AUTOMATION FAILURE | H90: Unplanned | I90: SILO | J90: ΔΕΝ ΞΕΚΙΝΟΥΣΑΝ ΤΑ ΕΜΒΟΛΑ | K90: 45936.476 | L90: 45936.478 | M90: 3.2 | N90: https://zenodo.org/records/17855209 | O90: 公开真实生产数据 | P90: SHIFT-PRE-20251006 | Q90: 已关联 | R90: 按班次口径判断 | T90: 否
A91: STOP-PRE-00090 | B91: SHIFT-PRE-20251006 | C91: 改善前 | D91: 45936 | E91: KK250 | F91: MATERIALS | G91: MANUAL BRICK HANDLING | H91: Unplanned | I91: HACKING STATION | J91: ΣΠΑΣΜΕΝΑ ΤΟΥΒΛΑ (ΚΚ250) | K91: 45936.497 | L91: 45936.5 | M91: 5.4 | N91: https://zenodo.org/records/17855209 | O91: 公开真实生产数据 | P91: SHIFT-PRE-20251006 | Q91: 已关联 | R91: 按班次口径判断 | T91: 否
A92: STOP-PRE-00091 | B92: SHIFT-PRE-20251006 | C92: 改善前 | D92: 45936 | E92: KK200-1 | F92: SETUPS-CHANGEOVERS | G92: MATERIAL CHANGEOVER | H92: Planned - Included in OEE | I92: CUTTER | J92: - | K92: 45936.513 | L92: 45936.524 | M92: 15.6 | N92: https://zenodo.org/records/17855209 | O92: 公开真实生产数据 | P92: SHIFT-PRE-20251006 | Q92: 已关联 | R92: 按班次口径判断 | T92: 是 | U92: =IFERROR(VLOOKUP(G92,'18_换产标准_模拟'!$B$2:$F$4,3,FALSE),"") | V92: =IFERROR(MAX(M92-U92,0),"") | W92: =IFERROR(IF(V92=0,"达标",IF(V92<=VLOOKUP(G92,'18_换产标准_模拟'!$B$2:$F$4,4,FALSE)-VLOOKUP(G92,'18_换产标准_模拟'!$B$2:$F$4,3,FALSE),"轻微超时",IF(V92<=VLOOKUP(G92,'18_换产标准_模拟'!$B$2:$F$4,5,FALSE)-VLOOKUP(G92,'18_换产标准_模拟'!$B$2:$F$4,3,FALSE),"超时","严重超时"))),"") | X92: =IFERROR(INDEX('18_换产标准_模拟'!$A$2:$A$4,MATCH(G92,'18_换产标准_模拟'!$B$2:$B$4,0)),"") | Y92: 团队模拟数据
A93: STOP-PRE-00092 | B93: SHIFT-PRE-20251006 | C93: 改善前 | D93: 45936 | E93: KK200-1 | F93: MATERIALS | G93: MANUAL BRICK HANDLING | H93: Unplanned | I93: HACKING STATION | J93: ΣΠΑΣΜΕΝΑ ΤΟΥΒΛΑ (7KK25) | K93: 45936.607 | L93: 45936.611 | M93: 6.3 | N93: https://zenodo.org/records/17855209 | O93: 公开真实生产数据 | P93: SHIFT-PRE-20251006 | Q93: 已关联 | R93: 按班次口径判断 | T93: 否
A94: STOP-PRE-00093 | B94: SHIFT-PRE-20251006 | C94: 改善前 | D94: 45936 | E94: KK200-1 | F94: FAILURE | G94: MECHANICAL FAILURE | H94: Unplanned | I94: CUTTER | J94: WIRE FAILURE | K94: 45936.644 | L94: 45936.656 | M94: 18.2 | N94: https://zenodo.org/records/17855209 | O94: 公开真实生产数据 | P94: SHIFT-PRE-20251006 | Q94: 已关联 | R94: 按班次口径判断 | T94: 否
A95: STOP-PRE-00094 | B95: SHIFT-PRE-20251006 | C95: 改善前 | D95: 45936 | E95: KK200-1 | F95: FAILURE | G95: AUTOMATION FAILURE | H95: Unplanned | I95: DRYER | J95: Ο ΩΘΗΤΗΡΑΣ ΤΟΥ ΜΕΤΑΦ. ΕΞΟΔΟΥ ΔΕΝ ΕΠΙΑΣΕ ΤΟ ΤΕΛΑΡΟ ΚΑΤΑ ΤΗΝ ΦΟΡΤΩΣΗ | K95: 45936.659 | L95: 45936.663 | M95: 6.3 | N95: https://zenodo.org/records/17855209 | O95: 公开真实生产数据 | P95: SHIFT-PRE-20251006 | Q95: 已关联 | R95: 按班次口径判断 | T95: 否
A96: STOP-PRE-00095 | B96: SHIFT-PRE-20251006 | C96: 改善前 | D96: 45936 | E96: KK200-1 | F96: FAILURE | G96: AUTOMATION FAILURE | H96: Unplanned | I96: HACKING STATION | J96: ΩΘΗΤΗΡΑΣ ΑΔΕΙΩΝ ΒΑΓΟΝΙΩΝ | K96: 45936.667 | L96: 45936.67 | M96: 4.2 | N96: https://zenodo.org/records/17855209 | O96: 公开真实生产数据 | P96: SHIFT-PRE-20251006 | Q96: 已关联 | R96: 按班次口径判断 | T96: 否
A97: STOP-PRE-00096 | B97: SHIFT-PRE-20251006 | C97: 改善前 | D97: 45936 | E97: KK200-1 | F97: FAILURE | G97: AUTOMATION FAILURE | H97: Unplanned | I97: DRYER | J97: Ο ΩΘΗΤΗΡΑΣ ΤΟΥ ΜΕΤΑΦ. ΕΞΟΔΟΥ ΔΕΝ ΕΠΙΑΣΕ ΤΟ ΤΕΛΑΡΟ ΚΑΤΑ ΤΗΝ ΦΟΡΤΩΣΗ | K97: 45936.701 | L97: 45936.705 | M97: 6.7 | N97: https://zenodo.org/records/17855209 | O97: 公开真实生产数据 | P97: SHIFT-PRE-20251006 | Q97: 已关联 | R97: 按班次口径判断 | T97: 否
A98: STOP-PRE-00097 | B98: SHIFT-PRE-20251006 | C98: 改善前 | D98: 45936 | E98: KK200-1 | F98: FAILURE | G98: MECHANICAL FAILURE | H98: Unplanned | I98: HYDRAULIC ELEVATOR (UNLOADING) | J98: ΓΩΝΙΕΣ ΡΟΛΛΩΝ | K98: 45936.717 | L98: 45936.735 | M98: 26.7 | N98: https://zenodo.org/records/17855209 | O98: 公开真实生产数据 | P98: SHIFT-PRE-20251006 | Q98: 已关联 | R98: 按班次口径判断 | T98: 否
A99: STOP-PRE-00098 | B99: SHIFT-PRE-20251006 | C99: 改善前 | D99: 45936 | E99: KK200-1 | F99: FAILURE | G99: AUTOMATION FAILURE | H99: Unplanned | I99: DRYER | J99: ΤΡΟΧΟΣ ΤΕΛΑΡΟΥ ΕΠΕΣΕ (ΣΗΚΩΘΗΚΕ ΜΕ ΓΡΥΛΟ) | K99: 45936.795 | L99: 45936.801 | M99: 9.5 | N99: https://zenodo.org/records/17855209 | O99: 公开真实生产数据 | P99: SHIFT-PRE-20251006 | Q99: 已关联 | R99: 按班次口径判断 | T99: 否
A100: STOP-PRE-00099 | B100: SHIFT-PRE-20251006 | C100: 改善前 | D100: 45936 | E100: KK200-1 | F100: OPERATIONAL | G100: CLEANING | H100: Planned - Included in OEE | I100: EXTRUDER PRESS | J100: - | K100: 45936.803 | L100: 45936.812 | M100: 13 | N100: https://zenodo.org/records/17855209 | O100: 公开真实生产数据 | P100: SHIFT-PRE-20251006 | Q100: 已关联 | R100: 按班次口径判断 | T100: 否
A101: STOP-PRE-00100 | B101: SHIFT-PRE-20251007 | C101: 改善前 | D101: 45937 | E101: KK200-1 | F101: OPERATIONAL | G101: CLEANING | H101: Planned - Included in OEE | I101: EXTRUDER PRESS | J101: - | K101: 45937.469 | L101: 45937.481 | M101: 17.2 | N101: https://zenodo.org/records/17855209 | O101: 公开真实生产数据 | P101: SHIFT-PRE-20251007 | Q101: 已关联 | R101: 按班次口径判断 | T101: 否
...

Sheet 03_工单映射_模拟
A1: WorkOrderID | B1: ShiftID | C1: OrderNo | D1: 演示产品 | E1: LineID | F1: 生产日期 | G1: 计划数量 | H1: 实际数量 | I1: 良品数量 | J1: 需求日期 | K1: 风险等级 | L1: 数据性质 | M1: 生成说明
A2: WO-20250922-001 | B2: SHIFT-PRE-20250922 | C2: SO-2401 | D2: VR-X1 | E2: LINE-R01 | F2: 45922 | G2: 800 | H2: 660 | I2: 660 | J2: 45924 | K2: 中 | L2: 团队模拟数据 | M2: 公开OEE数据仅来自一条真实产线，统一标记LINE-R01；多产线横向演示请使用10-15模拟层
A3: WO-20250923-002 | B3: SHIFT-PRE-20250923 | C3: SO-2402 | D3: AR-X2 | E3: LINE-R01 | F3: 45923 | G3: 900 | H3: 530 | I3: 529 | J3: 45925 | K3: 高 | L3: 团队模拟数据 | M3: 公开OEE数据仅来自一条真实产线，统一标记LINE-R01；多产线横向演示请使用10-15模拟层
A4: WO-20250924-003 | B4: SHIFT-PRE-20250924 | C4: SO-2403 | D4: AUDIO-X3 | E4: LINE-R01 | F4: 45924 | G4: 1000 | H4: 750 | I4: 746 | J4: 45926 | K4: 高 | L4: 团队模拟数据 | M4: 公开OEE数据仅来自一条真实产线，统一标记LINE-R01；多产线横向演示请使用10-15模拟层
A5: WO-20250925-004 | B5: SHIFT-PRE-20250925 | C5: SO-2404 | D5: VR-X1 | E5: LINE-R01 | F5: 45925 | G5: 1100 | H5: 720 | I5: 715 | J5: 45927 | K5: 高 | L5: 团队模拟数据 | M5: 公开OEE数据仅来自一条真实产线，统一标记LINE-R01；多产线横向演示请使用10-15模拟层
A6: WO-20250926-005 | B6: SHIFT-PRE-20250926 | C6: SO-2405 | D6: AR-X2 | E6: LINE-R01 | F6: 45926 | G6: 1200 | H6: 900 | I6: 888 | J6: 45928 | K6: 高 | L6: 团队模拟数据 | M6: 公开OEE数据仅来自一条真实产线，统一标记LINE-R01；多产线横向演示请使用10-15模拟层
A7: WO-20250929-006 | B7: SHIFT-PRE-20250929 | C7: SO-2406 | D7: AUDIO-X3 | E7: LINE-R01 | F7: 45929 | G7: 800 | H7: 517 | I7: 515 | J7: 45931 | K7: 高 | L7: 团队模拟数据 | M7: 公开OEE数据仅来自一条真实产线，统一标记LINE-R01；多产线横向演示请使用10-15模拟层
A8: WO-20250930-007 | B8: SHIFT-PRE-20250930 | C8: SO-2407 | D8: VR-X1 | E8: LINE-R01 | F8: 45930 | G8: 900 | H8: 438 | I8: 437 | J8: 45932 | K8: 高 | L8: 团队模拟数据 | M8: 公开OEE数据仅来自一条真实产线，统一标记LINE-R01；多产线横向演示请使用10-15模拟层
A9: WO-20251002-008 | B9: SHIFT-PRE-20251002 | C9: SO-2408 | D9: AR-X2 | E9: LINE-R01 | F9: 45932 | G9: 1000 | H9: 777 | I9: 772 | J9: 45934 | K9: 中 | L9: 团队模拟数据 | M9: 公开OEE数据仅来自一条真实产线，统一标记LINE-R01；多产线横向演示请使用10-15模拟层
A10: WO-20251003-009 | B10: SHIFT-PRE-20251003 | C10: SO-2409 | D10: AUDIO-X3 | E10: LINE-R01 | F10: 45933 | G10: 1100 | H10: 376 | I10: 372 | J10: 45935 | K10: 高 | L10: 团队模拟数据 | M10: 公开OEE数据仅来自一条真实产线，统一标记LINE-R01；多产线横向演示请使用10-15模拟层
A11: WO-20251006-010 | B11: SHIFT-PRE-20251006 | C11: SO-2410 | D11: VR-X1 | E11: LINE-R01 | F11: 45936 | G11: 1200 | H11: 893 | I11: 887 | J11: 45938 | K11: 高 | L11: 团队模拟数据 | M11: 公开OEE数据仅来自一条真实产线，统一标记LINE-R01；多产线横向演示请使用10-15模拟层
A12: WO-20251007-011 | B12: SHIFT-PRE-20251007 | C12: SO-2411 | D12: AR-X2 | E12: LINE-R01 | F12: 45937 | G12: 800 | H12: 726 | I12: 721 | J12: 45939 | K12: 低 | L12: 团队模拟数据 | M12: 公开OEE数据仅来自一条真实产线，统一标记LINE-R01；多产线横向演示请使用10-15模拟层
A13: WO-20251008-012 | B13: SHIFT-PRE-20251008 | C13: SO-2412 | D13: AUDIO-X3 | E13: LINE-R01 | F13: 45938 | G13: 900 | H13: 750 | I13: 747 | J13: 45940 | K13: 中 | L13: 团队模拟数据 | M13: 公开OEE数据仅来自一条真实产线，统一标记LINE-R01；多产线横向演示请使用10-15模拟层
... A106: WO-20260403-105 | B106: SHIFT-POST-20260403 | C106: SO-2505 | D106: AUDIO-X3 | E106: LINE-R01 | F106: 46115 | G106: 1200 | H106: 814 | I106: 800 | J106: 46117 | K106: 高 | L106: 团队模拟数据 | M106: 公开OEE数据仅来自一条真实产线，统一标记LINE-R01；多产线横向演示请使用10-15模拟层

Sheet 04_订单物料_模拟
A1: BusinessKey | B1: EventID | C1: WorkOrderID | D1: OrderNo | E1: 订单行 | F1: 物料编码 | G1: 物料名称 | H1: 需求日期 | I1: 计划数量 | J1: BOM用量 | K1: 已领料 | L1: 现有库存 | M1: 已占用 | N1: 质量冻结 | O1: 需求日前确认到货 | P1: 需求量 | Q1: 需求日前可用量 | R1: 物料缺口 | S1: ERP承诺日期 | T1: SRM承诺日期 | U1: 日期冲突 | V1: 订单BOM版本 | W1: 工单BOM版本 | X1: BOM冲突 | Y1: 风险等级 | Z1: 数据性质 | AA1: 生成说明
A2: SO-2401-1-M-DISPLAY | B2: EVT-0001 | C2: WO-20250922-001 | D2: SO-2401 | E2: 1 | F2: M-DISPLAY | G2: 显示模组 | H2: 45924 | I2: 800 | J2: 1 | K2: 0 | L2: 584 | M2: 64 | N2: 80 | O2: 160 | P2: =MAX(0,I2*J2-K2) | Q2: =MAX(0,L2-N2-M2+O2) | R2: =MAX(0,P2-Q2) | S2: 45923 | T2: 45925 | U2: =IF(S2=T2,"一致","冲突") | V2: V3 | W2: V3 | X2: =IF(V2=W2,"一致","冲突") | Y2: =IF(OR(R2>0,U2="冲突",X2="冲突"),"高","低") | Z2: 团队模拟数据 | AA2: 依据业务规则生成，用于演示订单/BOM/库存/供应承诺闭环
A3: SO-2401-2-M-PCBA | B3: EVT-0001 | C3: WO-20250922-001 | D3: SO-2401 | E3: 2 | F3: M-PCBA | G3: 主板组件 | H3: 45924 | I3: 800 | J3: 1 | K3: 0 | L3: 864 | M3: 64 | N3: 0 | O3: 0 | P3: =MAX(0,I3*J3-K3) | Q3: =MAX(0,L3-N3-M3+O3) | R3: =MAX(0,P3-Q3) | S3: 45923 | T3: 45923 | U3: =IF(S3=T3,"一致","冲突") | V3: V3 | W3: V2 | X3: =IF(V3=W3,"一致","冲突") | Y3: =IF(OR(R3>0,U3="冲突",X3="冲突"),"高","低") | Z3: 团队模拟数据 | AA3: 依据业务规则生成，用于演示订单/BOM/库存/供应承诺闭环
A4: SO-2401-3-M-HOUSING | B4: EVT-0001 | C4: WO-20250922-001 | D4: SO-2401 | E4: 3 | F4: M-HOUSING | G4: 结构件 | H4: 45924 | I4: 800 | J4: 2 | K4: 0 | L4: 1728 | M4: 128 | N4: 0 | O4: 0 | P4: =MAX(0,I4*J4-K4) | Q4: =MAX(0,L4-N4-M4+O4) | R4: =MAX(0,P4-Q4) | S4: 45923 | T4: 45923 | U4: =IF(S4=T4,"一致","冲突") | V4: V3 | W4: V3 | X4: =IF(V4=W4,"一致","冲突") | Y4: =IF(OR(R4>0,U4="冲突",X4="冲突"),"高","低") | Z4: 团队模拟数据 | AA4: 依据业务规则生成，用于演示订单/BOM/库存/供应承诺闭环
A5: SO-2402-1-M-DISPLAY | B5: EVT-0002 | C5: WO-20250923-002 | D5: SO-2402 | E5: 1 | F5: M-DISPLAY | G5: 显示模组 | H5: 45925 | I5: 900 | J5: 1 | K5: 0 | L5: 972 | M5: 72 | N5: 0 | O5: 0 | P5: =MAX(0,I5*J5-K5) | Q5: =MAX(0,L5-N5-M5+O5) | R5: =MAX(0,P5-Q5) | S5: 45924 | T5: 45924 | U5: =IF(S5=T5,"一致","冲突") | V5: V3 | W5: V3 | X5: =IF(V5=W5,"一致","冲突") | Y5: =IF(OR(R5>0,U5="冲突",X5="冲突"),"高","低") | Z5: 团队模拟数据 | AA5: 依据业务规则生成，用于演示订单/BOM/库存/供应承诺闭环
A6: SO-2402-2-M-PCBA | B6: EVT-0002 | C6: WO-20250923-002 | D6: SO-2402 | E6: 2 | F6: M-PCBA | G6: 主板组件 | H6: 45925 | I6: 900 | J6: 1 | K6: 0 | L6: 972 | M6: 72 | N6: 0 | O6: 0 | P6: =MAX(0,I6*J6-K6) | Q6: =MAX(0,L6-N6-M6+O6) | R6: =MAX(0,P6-Q6) | S6: 45924 | T6: 45924 | U6: =IF(S6=T6,"一致","冲突") | V6: V3 | W6: V3 | X6: =IF(V6=W6,"一致","冲突") | Y6: =IF(OR(R6>0,U6="冲突",X6="冲突"),"高","低") | Z6: 团队模拟数据 | AA6: 依据业务规则生成，用于演示订单/BOM/库存/供应承诺闭环
A7: SO-2402-3-M-HOUSING | B7: EVT-0002 | C7: WO-20250923-002 | D7: SO-2402 | E7: 3 | F7: M-HOUSING | G7: 结构件 | H7: 45925 | I7: 900 | J7: 2 | K7: 0 | L7: 1944 | M7: 144 | N7: 0 | O7: 0 | P7: =MAX(0,I7*J7-K7) | Q7: =MAX(0,L7-N7-M7+O7) | R7: =MAX(0,P7-Q7) | S7: 45924 | T7: 45924 | U7: =IF(S7=T7,"一致","冲突") | V7: V3 | W7: V3 | X7: =IF(V7=W7,"一致","冲突") | Y7: =IF(OR(R7>0,U7="冲突",X7="冲突"),"高","低") | Z7: 团队模拟数据 | AA7: 依据业务规则生成，用于演示订单/BOM/库存/供应承诺闭环
A8: SO-2403-1-M-DISPLAY | B8: EVT-0003 | C8: WO-20250924-003 | D8: SO-2403 | E8: 1 | F8: M-DISPLAY | G8: 显示模组 | H8: 45926 | I8: 1000 | J8: 1 | K8: 0 | L8: 1080 | M8: 80 | N8: 0 | O8: 0 | P8: =MAX(0,I8*J8-K8) | Q8: =MAX(0,L8-N8-M8+O8) | R8: =MAX(0,P8-Q8) | S8: 45925 | T8: 45925 | U8: =IF(S8=T8,"一致","冲突") | V8: V3 | W8: V3 | X8: =IF(V8=W8,"一致","冲突") | Y8: =IF(OR(R8>0,U8="冲突",X8="冲突"),"高","低") | Z8: 团队模拟数据 | AA8: 依据业务规则生成，用于演示订单/BOM/库存/供应承诺闭环
A9: SO-2403-2-M-PCBA | B9: EVT-0003 | C9: WO-20250924-003 | D9: SO-2403 | E9: 2 | F9: M-PCBA | G9: 主板组件 | H9: 45926 | I9: 1000 | J9: 1 | K9: 0 | L9: 1080 | M9: 80 | N9: 0 | O9: 0 | P9: =MAX(0,I9*J9-K9) | Q9: =MAX(0,L9-N9-M9+O9) | R9: =MAX(0,P9-Q9) | S9: 45925 | T9: 45925 | U9: =IF(S9=T9,"一致","冲突") | V9: V3 | W9: V3 | X9: =IF(V9=W9,"一致","冲突") | Y9: =IF(OR(R9>0,U9="冲突",X9="冲突"),"高","低") | Z9: 团队模拟数据 | AA9: 依据业务规则生成，用于演示订单/BOM/库存/供应承诺闭环
A10: SO-2403-3-M-HOUSING | B10: EVT-0003 | C10: WO-20250924-003 | D10: SO-2403 | E10: 3 | F10: M-HOUSING | G10: 结构件 | H10: 45926 | I10: 1000 | J10: 2 | K10: 0 | L10: 1660 | M10: 160 | N10: 0 | O10: 0 | P10: =MAX(0,I10*J10-K10) | Q10: =MAX(0,L10-N10-M10+O10) | R10: =MAX(0,P10-Q10) | S10: 45925 | T10: 45925 | U10: =IF(S10=T10,"一致","冲突") | V10: V3 | W10: V3 | X10: =IF(V10=W10,"一致","冲突") | Y10: =IF(OR(R10>0,U10="冲突",X10="冲突"),"高","低") | Z10: 团队模拟数据 | AA10: 依据业务规则生成，用于演示订单/BOM/库存/供应承诺闭环
A11: SO-2404-1-M-DISPLAY | B11: EVT-0004 | C11: WO-20250925-004 | D11: SO-2404 | E11: 1 | F11: M-DISPLAY | G11: 显示模组 | H11: 45927 | I11: 1100 | J11: 1 | K11: 0 | L11: 1188 | M11: 88 | N11: 0 | O11: 0 | P11: =MAX(0,I11*J11-K11) | Q11: =MAX(0,L11-N11-M11+O11) | R11: =MAX(0,P11-Q11) | S11: 45926 | T11: 45926 | U11: =IF(S11=T11,"一致","冲突") | V11: V3 | W11: V3 | X11: =IF(V11=W11,"一致","冲突") | Y11: =IF(OR(R11>0,U11="冲突",X11="冲突"),"高","低") | Z11: 团队模拟数据 | AA11: 依据业务规则生成，用于演示订单/BOM/库存/供应承诺闭环
A12: SO-2404-2-M-PCBA | B12: EVT-0004 | C12: WO-20250925-004 | D12: SO-2404 | E12: 2 | F12: M-PCBA | G12: 主板组件 | H12: 45927 | I12: 1100 | J12: 1 | K12: 0 | L12: 913 | M12: 88 | N12: 0 | O12: 0 | P12: =MAX(0,I12*J12-K12) | Q12: =MAX(0,L12-N12-M12+O12) | R12: =MAX(0,P12-Q12) | S12: 45926 | T12: 45926 | U12: =IF(S12=T12,"一致","冲突") | V12: V3 | W12: V3 | X12: =IF(V12=W12,"一致","冲突") | Y12: =IF(OR(R12>0,U12="冲突",X12="冲突"),"高","低") | Z12: 团队模拟数据 | AA12: 依据业务规则生成，用于演示订单/BOM/库存/供应承诺闭环
A13: SO-2404-3-M-HOUSING | B13: EVT-0004 | C13: WO-20250925-004 | D13: SO-2404 | E13: 3 | F13: M-HOUSING | G13: 结构件 | H13: 45927 | I13: 1100 | J13: 2 | K13: 0 | L13: 1936 | M13: 176 | N13: 0 | O13: 440 | P13: =MAX(0,I13*J13-K13) | Q13: =MAX(0,L13-N13-M13+O13) | R13: =MAX(0,P13-Q13) | S13: 45926 | T13: 45926 | U13: =IF(S13=T13,"一致","冲突") | V13: V3 | W13: V3 | X13: =IF(V13=W13,"一致","冲突") | Y13: =IF(OR(R13>0,U13="冲突",X13="冲突"),"高","低") | Z13: 团队模拟数据 | AA13: 依据业务规则生成，用于演示订单/BOM/库存/供应承诺闭环
... A316: SO-2505-3-M-HOUSING | B316: EVT-0105 | C316: WO-20260403-105 | D316: SO-2505 | E316: 3 | F316: M-HOUSING | G316: 结构件 | H316: 46117 | I316: 1200 | J316: 2 | K316: 0 | L316: 2592 | M316: 192 | N316: 0 | O316: 0 | P316: =MAX(0,I316*J316-K316) | Q316: =MAX(0,L316-N316-M316+O316) | R316: =MAX(0,P316-Q316) | S316: 46116 | T316: 46116 | U316: =IF(S316=T316,"一致","冲突") | V316: V3 | W316: V3 | X316: =IF(V316=W316,"一致","冲突") | Y316: =IF(OR(R316>0,U316="冲突",X316="冲突"),"高","低") | Z316: 团队模拟数据 | AA316: 依据业务规则生成，用于演示订单/BOM/库存/供应承诺闭环

Sheet 05_数据质量测试
A1: DQRecordID | B1: ShiftID | C1: 日期 | D1: OEE | E1: 开动率 | F1: 性能率 | G1: 质量率 | H1: 计划生产时间_秒 | I1: 非计划停机_秒 | J1: 良品数 | K1: 总产量 | L1: 是否人工注错 | M1: ExpectedIssueType | N1: ExpectedSeverity | O1: AI_DetectedType_待填 | P1: AI_Explanation_待填 | Q1: 人工确认_待填 | R1: DetectionCorrect
A2: DQ-0001 | B2: SHIFT-PRE-20250922 | C2: 45922 | D2: 1.18 | E2: 0.8902 | F2: 0.9272 | G2: 0.9996 | H2: 17884 | I2: 668 | J2: 35800 | K2: 35815 | L2: 是 | M2: 数值越界 | N2: 高 | R2: =IF(O2="","待检测",IF(O2=M2,"正确","不一致"))
A3: DQ-0002 | B3: SHIFT-PRE-20250923 | C3: 45923 | D3: 0.5891 | E3: 0.6236 | F3: 0.9447 | G3: 0.9975 | H3: 29700 | I3: 10545 | J3: 26441 | K3: 26416 | L3: 是 | M3: 良品数大于总产量 | N3: 高 | R3: =IF(O3="","待检测",IF(O3=M3,"正确","不一致"))
A4: DQ-0003 | B4: SHIFT-PRE-20250924 | C4: 45924 | D4: 0.7498 | E4: 0.7833 | F4: 0.9572 | G4: 0.9951 | I4: 3006 | J4: 21490 | K4: 21594 | L4: 是 | M4: 关键字段缺失 | N4: 高 | R4: =IF(O4="","待检测",IF(O4=M4,"正确","不一致"))
A5: DQ-0004 | B5: SHIFT-PRE-20250925 | C5: 45925 | D5: 0.6546 | E5: 0.7179 | F5: 0.9118 | G5: 0.9933 | H5: 24300 | I5: -120 | J5: 16700 | K5: 16812 | L5: 是 | M5: 负停机时长 | N5: 高 | R5: =IF(O5="","待检测",IF(O5=M5,"正确","不一致"))
A6: DQ-0005 | B6: SHIFT-PRE-20250926 | C6: 45926 | D6: 0.8197 | E6: 0.8096 | F6: 0.926 | G6: 0.9867 | H6: 22920 | I6: 3364 | J6: 23000 | K6: 23310 | L6: 是 | M6: OEE分项不一致 | N6: 中 | R6: =IF(O6="","待检测",IF(O6=M6,"正确","不一致"))
A7: DQ-0006 | B7: SHIFT-PRE-20250926 | C7: 45929 | D7: 0.6467 | E7: 0.6717 | F7: 0.9628 | G7: 0.9967 | H7: 29132 | I7: 8847 | J7: 46000 | K7: 46150 | L7: 是 | M7: 复合主键重复 | N7: 中 | R7: =IF(O7="","待检测",IF(O7=M7,"正确","不一致"))
A8: DQ-0007 | B8: SHIFT-PRE-20250930 | C8: 45930 | D8: 0.4864 | E8: 0.5234 | F8: 0.9307 | G8: 0.9985 | H8: 26823 | I8: 11978 | J8: 16327 | K8: 16351 | L8: 否 | M8: 无异常 | N8: 低 | R8: =IF(O8="","待检测",IF(O8=M8,"正确","不一致"))
A9: DQ-0008 | B9: SHIFT-PRE-20251002 | C9: 45932 | D9: 0.7714 | E9: 0.8898 | F9: 0.8729 | G9: 0.9932 | H9: 27006 | I9: 2107 | J9: 22222 | K9: 22374 | L9: 否 | M9: 无异常 | N9: 低 | R9: =IF(O9="","待检测",IF(O9=M9,"正确","不一致"))
A10: DQ-0009 | B10: SHIFT-PRE-20251003 | C10: 45933 | D10: 0.3383 | E10: 0.3708 | F10: 0.9221 | G10: 0.9896 | H10: 27240 | I10: 15913 | J10: 19727 | K10: 19935 | L10: 否 | M10: 无异常 | N10: 低 | R10: =IF(O10="","待检测",IF(O10=M10,"正确","不一致"))
A11: DQ-0010 | B11: SHIFT-PRE-20251006 | C11: 45936 | D11: 0.7396 | E11: 0.7848 | F11: 0.9483 | G11: 0.9938 | H11: 28432 | I11: 5182 | J11: 54740 | K11: 55080 | L11: 否 | M11: 无异常 | N11: 低 | R11: =IF(O11="","待检测",IF(O11=M11,"正确","不一致"))
A12: DQ-0011 | B12: SHIFT-PRE-20251007 | C12: 45937 | D12: 1.18 | E12: 0.9238 | F12: 0.9819 | G12: 0.9925 | H12: 28252 | I12: 459 | J12: 31040 | K12: 31276 | L12: 是 | M12: 数值越界 | N12: 高 | R12: =IF(O12="","待检测",IF(O12=M12,"正确","不一致"))
A13: DQ-0012 | B13: SHIFT-PRE-20251008 | C13: 45938 | D13: 0.8304 | E13: 0.8908 | F13: 0.9354 | G13: 0.9966 | H13: 22678 | I13: 1246 | J13: 27892 | K13: 27867 | L13: 是 | M13: 良品数大于总产量 | N13: 高 | R13: =IF(O13="","待检测",IF(O13=M13,"正确","不一致"))
A14: DQ-0013 | B14: SHIFT-PRE-20251009 | C14: 45939 | D14: 0.4747 | E14: 0.6019 | F14: 0.8434 | G14: 0.9352 | I14: 6126 | J14: 13566 | K14: 14506 | L14: 是 | M14: 关键字段缺失 | N14: 高 | R14: =IF(O14="","待检测",IF(O14=M14,"正确","不一致"))
A15: DQ-0014 | B15: SHIFT-PRE-20251010 | C15: 45940 | D15: 0.7552 | E15: 0.8009 | F15: 0.9508 | G15: 0.9918 | H15: 27900 | I15: -120 | J15: 33336 | K15: 33612 | L15: 是 | M15: 负停机时长 | N15: 高 | R15: =IF(O15="","待检测",IF(O15=M15,"正确","不一致"))
A16: DQ-0015 | B16: SHIFT-PRE-20251013 | C16: 45943 | D16: 0.6544 | E16: 0.6293 | F16: 0.93 | G16: 0.9814 | H16: 29700 | I16: 8262 | J16: 45189 | K16: 46045 | L16: 是 | M16: OEE分项不一致 | N16: 中 | R16: =IF(O16="","待检测",IF(O16=M16,"正确","不一致"))
A17: DQ-0016 | B17: SHIFT-PRE-20251013 | C17: 45944 | D17: 0.379 | E17: 0.4139 | F17: 0.9157 | G17: 0.9958 | H17: 59400 | I17: 2526 | J17: 34600 | K17: 34745 | L17: 是 | M17: 复合主键重复 | N17: 中 | R17: =IF(O17="","待检测",IF(O17=M17,"正确","不一致"))
A18: DQ-0017 | B18: SHIFT-PRE-20251015 | C18: 45945 | D18: 0.1408 | E18: 0.1605 | F18: 0.8838 | G18: 0.9932 | H18: 55800 | I18: 17568 | J18: 13093 | K18: 13183 | L18: 否 | M18: 无异常 | N18: 低 | R18: =IF(O18="","待检测",IF(O18=M18,"正确","不一致"))
A19: DQ-0018 | B19: SHIFT-PRE-20251016 | C19: 45946 | D19: 0.3428 | E19: 0.3681 | F19: 0.9314 | G19: 0.9877 | H19: 56760 | I19: 5625 | J19: 20500 | K19: 20754 | L19: 否 | M19: 无异常 | N19: 低 | R19: =IF(O19="","待检测",IF(O19=M19,"正确","不一致"))
A20: DQ-0019 | B20: SHIFT-PRE-20251017 | C20: 45947 | D20: 0.3737 | E20: 0.3966 | F20: 0.9526 | G20: 0.9892 | H20: 53100 | I20: 3459 | J20: 31848 | K20: 32195 | L20: 否 | M20: 无异常 | N20: 低 | R20: =IF(O20="","待检测",IF(O20=M20,"正确","不一致"))
A21: DQ-0020 | B21: SHIFT-PRE-20251020 | C21: 45950 | D21: 0.4213 | E21: 0.4511 | F21: 0.941 | G21: 0.9927 | H21: 57621 | I21: 2647 | J21: 62154 | K21: 62609 | L21: 否 | M21: 无异常 | N21: 低 | R21: =IF(O21="","待检测",IF(O21=M21,"正确","不一致"))
A22: DQ-0021 | B22: SHIFT-PRE-20251021 | C22: 45951 | D22: 1.18 | E22: 0.387 | F22: 0.9377 | G22: 0.9959 | H22: 56882 | I22: 5156 | J22: 48430 | K22: 48631 | L22: 是 | M22: 数值越界 | N22: 高 | R22: =IF(O22="","待检测",IF(O22=M22,"正确","不一致"))
A23: DQ-0022 | B23: SHIFT-PRE-20251022 | C23: 45952 | D23: 0.2177 | E23: 0.2318 | F23: 0.9393 | G23: 0.9456 | H23: 54047 | I23: 11946 | J23: 12747 | K23: 12722 | L23: 是 | M23: 良品数大于总产量 | N23: 高 | R23: =IF(O23="","待检测",IF(O23=M23,"正确","不一致"))
A24: DQ-0023 | B24: SHIFT-PRE-20251023 | C24: 45953 | D24: 0.3732 | E24: 0.4094 | F24: 0.9115 | G24: 0.9955 | I24: 2700 | J24: 21850 | K24: 21948 | L24: 是 | M24: 关键字段缺失 | N24: 高 | R24: =IF(O24="","待检测",IF(O24=M24,"正确","不一致"))
A25: DQ-0024 | B25: SHIFT-PRE-20251024 | C25: 45954 | D25: 0.3052 | E25: 0.3586 | F25: 0.8667 | G25: 0.9822 | H25: 55020 | I25: -120 | J25: 21758 | K25: 22152 | L25: 是 | M25: 负停机时长 | N25: 高 | R25: =IF(O25="","待检测",IF(O25=M25,"正确","不一致"))
A26: DQ-0025 | B26: SHIFT-PRE-20251027 | C26: 45957 | D26: 0.5017 | E26: 0.4472 | F26: 0.943 | G26: 0.9919 | H26: 58380 | I26: 3307 | J26: 64020 | K26: 64540 | L26: 是 | M26: OEE分项不一致 | N26: 中 | R26: =IF(O26="","待检测",IF(O26=M26,"正确","不一致"))
A27: DQ-0026 | B27: SHIFT-PRE-20251027 | C27: 45959 | D27: 0.278 | E27: 0.312 | F27: 0.8911 | G27: 0.9831 | H27: 54589 | I27: 7356 | J27: 30200 | K27: 30717 | L27: 是 | M27: 复合主键重复 | N27: 中 | R27: =IF(O27="","待检测",IF(O27=M27,"正确","不一致"))
A28: DQ-0027 | B28: SHIFT-PRE-20251030 | C28: 45960 | D28: 0.3799 | E28: 0.4153 | F28: 0.9252 | G28: 0.9886 | H28: 55800 | I28: 3179 | J28: 22610 | K28: 22870 | L28: 否 | M28: 无异常 | N28: 低 | R28: =IF(O28="","待检测",IF(O28=M28,"正确","不一致"))
A29: DQ-0028 | B29: SHIFT-PRE-20251031 | C29: 45961 | D29: 0.4838 | E29: 0.5509 | F29: 0.9176 | G29: 0.9569 | H29: 38269 | I29: 2995 | J29: 17102 | K29: 17872 | L29: 否 | M29: 无异常 | N29: 低 | R29: =IF(O29="","待检测",IF(O29=M29,"正确","不一致"))
A30: DQ-0029 | B30: SHIFT-PRE-20251103 | C30: 45964 | D30: 0.8187 | E30: 0.8913 | F30: 0.9411 | G30: 0.9761 | H30: 28235 | I30: 2245 | J30: 58985 | K30: 60430 | L30: 否 | M30: 无异常 | N30: 低 | R30: =IF(O30="","待检测",IF(O30=M30,"正确","不一致"))
A31: DQ-0030 | B31: SHIFT-PRE-20251104 | C31: 45965 | D31: 0.6196 | E31: 0.6821 | F31: 0.9386 | G31: 0.9677 | H31: 27829 | I31: 6914 | J31: 44230 | K31: 45705 | L31: 否 | M31: 无异常 | N31: 低 | R31: =IF(O31="","待检测",IF(O31=M31,"正确","不一致"))
A32: DQ-0031 | B32: SHIFT-PRE-20251105 | C32: 45966 | D32: 1.18 | E32: 0.8281 | F32: 0.937 | G32: 0.985 | H32: 20984 | I32: 2842 | J32: 25316 | K32: 25701 | L32: 是 | M32: 数值越界 | N32: 高 | R32: =IF(O32="","待检测",IF(O32=M32,"正确","不一致"))
A33: DQ-0032 | B33: SHIFT-PRE-20251106 | C33: 45967 | D33: 0.7305 | E33: 0.7809 | F33: 0.9385 | G33: 0.9968 | H33: 24874 | I33: 3723 | J33: 19469 | K33: 19444 | L33: 是 | M33: 良品数大于总产量 | N33: 高 | R33: =IF(O33="","待检测",IF(O33=M33,"正确","不一致"))
A34: DQ-0033 | B34: SHIFT-PRE-20251107 | C34: 45968 | D34: 0.4629 | E34: 0.5603 | F34: 0.8697 | G34: 0.95 | I34: 8388 | J34: 18552 | K34: 19528 | L34: 是 | M34: 关键字段缺失 | N34: 高 | R34: =IF(O34="","待检测",IF(O34=M34,"正确","不一致"))
A35: DQ-0034 | B35: SHIFT-PRE-20251110 | C35: 45971 | D35: 0.7055 | E35: 0.7574 | F35: 0.9494 | G35: 0.9811 | H35: 27760 | I35: -120 | J35: 49800 | K35: 50760 | L35: 是 | M35: 负停机时长 | N35: 高 | R35: =IF(O35="","待检测",IF(O35=M35,"正确","不一致"))
A36: DQ-0035 | B36: SHIFT-PRE-20251111 | C36: 45972 | D36: 0.6166 | E36: 0.574 | F36: 0.9669 | G36: 0.967 | H36: 29040 | I36: 12372 | J36: 41555 | K36: 42975 | L36: 是 | M36: OEE分项不一致 | N36: 中 | R36: =IF(O36="","待检测",IF(O36=M36,"正确","不一致"))
A37: DQ-0036 | B37: SHIFT-PRE-20251111 | C37: 45973 | D37: 0.5271 | E37: 0.5791 | F37: 0.9388 | G37: 0.9696 | H37: 25632 | I37: 9424 | J37: 28421 | K37: 29311 | L37: 是 | M37: 复合主键重复 | N37: 中 | R37: =IF(O37="","待检测",IF(O37=M37,"正确","不一致"))
A38: DQ-0037 | B38: SHIFT-PRE-20251113 | C38: 45974 | D38: 0.5792 | E38: 0.6383 | F38: 0.9298 | G38: 0.976 | H38: 27900 | I38: 8956 | J38: 17238 | K38: 17662 | L38: 否 | M38: 无异常 | N38: 低 | R38: =IF(O38="","待检测",IF(O38=M38,"正确","不一致"))
A39: DQ-0038 | B39: SHIFT-PRE-20251114 | C39: 45975 | D39: 0.6113 | E39: 0.6865 | F39: 0.9057 | G39: 0.983 | H39: 26441 | I39: 7437 | J39: 19117 | K39: 19447 | L39: 否 | M39: 无异常 | N39: 低 | R39: =IF(O39="","待检测",IF(O39=M39,"正确","不一致"))
A40: DQ-0039 | B40: SHIFT-PRE-20251117 | C40: 45978 | D40: 0.613 | E40: 0.6729 | F40: 0.9214 | G40: 0.9887 | H40: 28777 | I40: 8575 | J40: 42870 | K40: 43360 | L40: 否 | M40: 无异常 | N40: 低 | R40: =IF(O40="","待检测",IF(O40=M40,"正确","不一致"))
A41: DQ-0040 | B41: SHIFT-PRE-20251118 | C41: 45979 | D41: 0.6738 | E41: 0.7731 | F41: 0.8916 | G41: 0.9776 | H41: 28249 | I41: 6409 | J41: 50760 | K41: 51925 | L41: 否 | M41: 无异常 | N41: 低 | R41: =IF(O41="","待检测",IF(O41=M41,"正确","不一致"))
A42: DQ-0041 | B42: SHIFT-PRE-20251119 | C42: 45980 | D42: 1.18 | E42: 0.6394 | F42: 0.8761 | G42: 0.962 | H42: 26400 | I42: 8722 | J42: 32500 | K42: 33785 | L42: 是 | M42: 数值越界 | N42: 高 | R42: =IF(O42="","待检测",IF(O42=M42,"正确","不一致"))
A43: DQ-0042 | B43: SHIFT-PRE-20251120 | C43: 45981 | D43: 0.679 | E43: 0.7093 | F43: 0.9613 | G43: 0.9958 | H43: 27420 | I43: 7778 | J43: 20159 | K43: 20134 | L43: 是 | M43: 良品数大于总产量 | N43: 高 | R43: =IF(O43="","待检测",IF(O43=M43,"正确","不一致"))
A44: DQ-0043 | B44: SHIFT-PRE-20251121 | C44: 45982 | D44: 0.7276 | E44: 0.8144 | F44: 0.9224 | G44: 0.9685 | I44: 1824 | J44: 15331 | K44: 15829 | L44: 是 | M44: 关键字段缺失 | N44: 高 | R44: =IF(O44="","待检测",IF(O44=M44,"正确","不一致"))
A45: DQ-0044 | B45: SHIFT-PRE-20251124 | C45: 45985 | D45: 0.7905 | E45: 0.8696 | F45: 0.9215 | G45: 0.9865 | H45: 28447 | I45: -120 | J45: 55470 | K45: 56230 | L45: 是 | M45: 负停机时长 | N45: 高 | R45: =IF(O45="","待检测",IF(O45=M45,"正确","不一致"))
A46: DQ-0045 | B46: SHIFT-PRE-20251125 | C46: 45986 | D46: 0.7744 | E46: 0.7503 | F46: 0.944 | G46: 0.9805 | H46: 28806 | I46: 3634 | J46: 24321 | K46: 24804 | L46: 是 | M46: OEE分项不一致 | N46: 中 | R46: =IF(O46="","待检测",IF(O46=M46,"正确","不一致"))
A47: DQ-0046 | B47: SHIFT-PRE-20251125 | C47: 45987 | D47: 0.769 | E47: 0.8161 | F47: 0.9515 | G47: 0.9904 | H47: 22572 | I47: 3121 | J47: 27727 | K47: 27996 | L47: 是 | M47: 复合主键重复 | N47: 中 | R47: =IF(O47="","待检测",IF(O47=M47,"正确","不一致"))
A48: DQ-0047 | B48: SHIFT-PRE-20251127 | C48: 45988 | D48: 0.7262 | E48: 0.8226 | F48: 0.8969 | G48: 0.9842 | H48: 25080 | I48: 2066 | J48: 18212 | K48: 18504 | L48: 否 | M48: 无异常 | N48: 低 | R48: =IF(O48="","待检测",IF(O48=M48,"正确","不一致"))
A49: DQ-0048 | B49: SHIFT-PRE-20251128 | C49: 45989 | D49: 0.6054 | E49: 0.6392 | F49: 0.9566 | G49: 0.9901 | H49: 26400 | I49: 8710 | J49: 23640 | K49: 23876 | L49: 否 | M49: 无异常 | N49: 低 | R49: =IF(O49="","待检测",IF(O49=M49,"正确","不一致"))
A50: DQ-0049 | B50: SHIFT-PRE-20251201 | C50: 45992 | D50: 0.4622 | E50: 0.5039 | F50: 0.9312 | G50: 0.985 | H50: 28353 | I50: 12464 | J50: 32725 | K50: 33225 | L50: 否 | M50: 无异常 | N50: 低 | R50: =IF(O50="","待检测",IF(O50=M50,"正确","不一致"))
A51: DQ-0050 | B51: SHIFT-PRE-20251202 | C51: 45993 | D51: 0.738 | E51: 0.7497 | F51: 0.9887 | G51: 0.9956 | H51: 26029 | I51: 4798 | J51: 37836 | K51: 38002 | L51: 否 | M51: 无异常 | N51: 低 | R51: =IF(O51="","待检测",IF(O51=M51,"正确","不一致"))
A52: DQ-0051 | B52: SHIFT-PRE-20251203 | C52: 45994 | D52: 1.18 | E52: 0.8329 | F52: 0.9376 | G52: 0.9907 | H52: 22260 | I52: 2179 | J52: 30139 | K52: 30421 | L52: 是 | M52: 数值越界 | N52: 高 | R52: =IF(O52="","待检测",IF(O52=M52,"正确","不一致"))
A53: DQ-0052 | B53: SHIFT-PRE-20251204 | C53: 45995 | D53: 0.581 | E53: 0.6244 | F53: 1.0166 | G53: 0.9153 | H53: 19740 | I53: 6638 | J53: 13173 | K53: 13148 | L53: 是 | M53: 良品数大于总产量 | N53: 高 | R53: =IF(O53="","待检测",IF(O53=M53,"正确","不一致"))
A54: DQ-0053 | B54: SHIFT-PRE-20251205 | C54: 45996 | D54: 0.736 | E54: 0.7681 | F54: 0.9766 | G54: 0.9812 | I54: 5029 | J54: 24601 | K54: 25073 | L54: 是 | M54: 关键字段缺失 | N54: 高 | R54: =IF(O54="","待检测",IF(O54=M54,"正确","不一致"))
A55: DQ-0054 | B55: SHIFT-PRE-20251208 | C55: 45999 | D55: 0.5986 | E55: 0.6294 | F55: 0.9704 | G55: 0.98 | H55: 26422 | I55: -120 | J55: 38805 | K55: 39595 | L55: 是 | M55: 负停机时长 | N55: 高 | R55: =IF(O55="","待检测",IF(O55=M55,"正确","不一致"))
A56: DQ-0055 | B56: SHIFT-PRE-20251209 | C56: 46000 | D56: 0.8304 | E56: 0.7472 | F56: 1.0099 | G56: 0.9946 | H56: 26847 | I56: 6068 | J56: 29440 | K56: 29601 | L56: 是 | M56: OEE分项不一致 | N56: 中 | R56: =IF(O56="","待检测",IF(O56=M56,"正确","不一致"))
A57: DQ-0056 | B57: SHIFT-PRE-20251209 | C57: 46001 | D57: 0.6901 | E57: 0.7454 | F57: 0.9364 | G57: 0.9886 | H57: 24904 | I57: 4226 | J57: 36364 | K57: 36784 | L57: 是 | M57: 复合主键重复 | N57: 中 | R57: =IF(O57="","待检测",IF(O57=M57,"正确","不一致"))
A58: DQ-0057 | B58: SHIFT-PRE-20251211 | C58: 46002 | D58: 0.5787 | E58: 0.6024 | F58: 0.9675 | G58: 0.993 | H58: 27209 | I58: 10144 | J58: 41990 | K58: 42285 | L58: 否 | M58: 无异常 | N58: 低 | R58: =IF(O58="","待检测",IF(O58=M58,"正确","不一致"))
A59: DQ-0058 | B59: SHIFT-PRE-20251212 | C59: 46003 | D59: 0.6436 | E59: 0.69 | F59: 0.9415 | G59: 0.9908 | H59: 21645 | I59: 5604 | J59: 36480 | K59: 36820 | L59: 否 | M59: 无异常 | N59: 低 | R59: =IF(O59="","待检测",IF(O59=M59,"正确","不一致"))
A60: DQ-0059 | B60: SHIFT-PRE-20251215 | C60: 46006 | D60: 0.7072 | E60: 0.7688 | F60: 0.9294 | G60: 0.9896 | H60: 27750 | I60: 5662 | J60: 47734 | K60: 48235 | L60: 否 | M60: 无异常 | N60: 低 | R60: =IF(O60="","待检测",IF(O60=M60,"正确","不一致"))
A61: DQ-0060 | B61: SHIFT-PRE-20251216 | C61: 46007 | D61: 0.592 | E61: 0.7095 | F61: 0.8606 | G61: 0.9694 | H61: 28620 | I61: 7635 | J61: 45180 | K61: 46605 | L61: 否 | M61: 无异常 | N61: 低 | R61: =IF(O61="","待检测",IF(O61=M61,"正确","不一致"))
A62: DQ-0061 | B62: SHIFT-PRE-20251217 | C62: 46008 | D62: 1.18 | E62: 0.6418 | F62: 0.9134 | G62: 0.9931 | H62: 27222 | I62: 7958 | J62: 36955 | K62: 37210 | L62: 是 | M62: 数值越界 | N62: 高 | R62: =IF(O62="","待检测",IF(O62=M62,"正确","不一致"))
A63: DQ-0062 | B63: SHIFT-PRE-20251218 | C63: 46009 | D63: 0.4617 | E63: 0.5973 | F63: 0.7788 | G63: 0.9924 | H63: 7448 | I63: 2999 | J63: 9265 | K63: 9240 | L63: 是 | M63: 良品数大于总产量 | N63: 高 | R63: =IF(O63="","待检测",IF(O63=M63,"正确","不一致"))
A64: DQ-0063 | B64: SHIFT-POST-20260130 | C64: 46052 | D64: 0.64434734 | E64: 0.66562724 | F64: 0.97621891 | G64: 0.99161191 | I64: 6048 | J64: 28372 | K64: 28612 | L64: 是 | M64: 关键字段缺失 | N64: 高 | R64: =IF(O64="","待检测",IF(O64=M64,"正确","不一致"))
A65: DQ-0064 | B65: SHIFT-POST-20260202 | C65: 46055 | D65: 0.68706323 | E65: 0.8340404 | F65: 0.91611521 | G65: 0.89920668 | H65: 29700 | I65: -120 | J65: 53840 | K65: 59875 | L65: 是 | M65: 负停机时长 | N65: 高 | R65: =IF(O65="","待检测",IF(O65=M65,"正确","不一致"))
A66: DQ-0065 | B66: SHIFT-POST-20260203 | C66: 46056 | D66: 0.689544 | E66: 0.61511784 | F66: 1.0229317 | G66: 0.96872408 | H66: 29700 | I66: 7944 | J66: 35031 | K66: 36162 | L66: 是 | M66: OEE分项不一致 | N66: 中 | R66: =IF(O66="","待检测",IF(O66=M66,"正确","不一致"))
A67: DQ-0066 | B67: SHIFT-POST-20260203 | C67: 46057 | D67: 0.65891145 | E67: 0.71099831 | F67: 0.93110424 | G67: 0.99531416 | H67: 26595 | I67: 7686 | J67: 18692 | K67: 18780 | L67: 是 | M67: 复合主键重复 | N67: 中 | R67: =IF(O67="","待检测",IF(O67=M67,"正确","不一致"))
A68: DQ-0067 | B68: SHIFT-POST-20260205 | C68: 46058 | D68: 0.69829926 | E68: 0.82110427 | F68: 0.90915426 | G68: 0.93541793 | H68: 23237 | I68: 2010 | J68: 29287 | K68: 31309 | L68: 否 | M68: 无异常 | N68: 低 | R68: =IF(O68="","待检测",IF(O68=M68,"正确","不一致"))
A69: DQ-0068 | B69: SHIFT-POST-20260206 | C69: 46059 | D69: 0.74352512 | E69: 0.73805566 | F69: 1.0430108 | G69: 0.96586793 | H69: 18649 | I69: 2860 | J69: 13866 | K69: 14356 | L69: 否 | M69: 无异常 | N69: 低 | R69: =IF(O69="","待检测",IF(O69=M69,"正确","不一致"))
A70: DQ-0069 | B70: SHIFT-POST-20260209 | C70: 46062 | D70: 0.64385676 | E70: 0.74959596 | F70: 0.93386605 | G70: 0.91976618 | H70: 29700 | I70: 5289 | J70: 44215 | K70: 48072 | L70: 否 | M70: 无异常 | N70: 低 | R70: =IF(O70="","待检测",IF(O70=M70,"正确","不一致"))
A71: DQ-0070 | B71: SHIFT-POST-20260210 | C71: 46063 | D71: 0.68550744 | E71: 0.75010101 | F71: 0.96156301 | G71: 0.95041805 | H71: 29700 | I71: 4585 | J71: 35807 | K71: 37675 | L71: 否 | M71: 无异常 | N71: 低 | R71: =IF(O71="","待检测",IF(O71=M71,"正确","不一致"))
A72: DQ-0071 | B72: SHIFT-POST-20260211 | C72: 46064 | D72: 1.18 | E72: 0.64236111 | F72: 0.97758964 | G72: 0.9239589 | H72: 28800 | I72: 2513 | J72: 17084 | K72: 18490 | L72: 是 | M72: 数值越界 | N72: 高 | R72: =IF(O72="","待检测",IF(O72=M72,"正确","不一致"))
A73: DQ-0072 | B73: SHIFT-POST-20260212 | C73: 46065 | D73: 0.66917636 | E73: 0.67329966 | F73: 1.0120113 | G73: 0.98207988 | H73: 29700 | I73: 3951 | J73: 27815 | K73: 27790 | L73: 是 | M73: 良品数大于总产量 | N73: 高 | R73: =IF(O73="","待检测",IF(O73=M73,"正确","不一致"))
A74: DQ-0073 | B74: SHIFT-POST-20260213 | C74: 46066 | D74: 0.60700853 | E74: 0.72406879 | F74: 0.85656471 | G74: 0.97871171 | I74: 1921 | J74: 14252 | K74: 14562 | L74: 是 | M74: 关键字段缺失 | N74: 高 | R74: =IF(O74="","待检测",IF(O74=M74,"正确","不一致"))
A75: DQ-0074 | B75: SHIFT-POST-20260216 | C75: 46069 | D75: 0.49349748 | E75: 0.56777778 | F75: 0.87906956 | G75: 0.98874273 | H75: 29700 | I75: -120 | J75: 39085 | K75: 39530 | L75: 是 | M75: 负停机时长 | N75: 高 | R75: =IF(O75="","待检测",IF(O75=M75,"正确","不一致"))
A76: DQ-0075 | B76: SHIFT-POST-20260217 | C76: 46070 | D76: 0.69411133 | E76: 0.71858586 | F76: 0.8747986 | G76: 0.97692308 | H76: 29700 | I76: 5810 | J76: 45085 | K76: 46150 | L76: 是 | M76: OEE分项不一致 | N76: 中 | R76: =IF(O76="","待检测",IF(O76=M76,"正确","不一致"))
A77: DQ-0076 | B77: SHIFT-POST-20260217 | C77: 46071 | D77: 0.57690217 | E77: 0.70256582 | F77: 0.83034722 | G77: 0.98890693 | H77: 23891 | I77: 5327 | J77: 36550 | K77: 36960 | L77: 是 | M77: 复合主键重复 | N77: 中 | R77: =IF(O77="","待检测",IF(O77=M77,"正确","不一致"))
A78: DQ-0077 | B78: SHIFT-POST-20260219 | C78: 46072 | D78: 0.6805609 | E78: 0.6666221 | F78: 1.0424133 | G78: 0.97937121 | H78: 22440 | I78: 5733 | J78: 17756 | K78: 18130 | L78: 否 | M78: 无异常 | N78: 低 | R78: =IF(O78="","待检测",IF(O78=M78,"正确","不一致"))
A79: DQ-0078 | B79: SHIFT-POST-20260220 | C79: 46073 | D79: 0.56586833 | E79: 0.58299576 | F79: 0.989459 | G79: 0.98096202 | H79: 20736 | I79: 6887 | J79: 21332 | K79: 21746 | L79: 否 | M79: 无异常 | N79: 低 | R79: =IF(O79="","待检测",IF(O79=M79,"正确","不一致"))
A80: DQ-0079 | B80: SHIFT-POST-20260224 | C80: 46077 | D80: 0.50155085 | E80: 0.59535353 | F80: 0.92564889 | G80: 0.91010971 | H80: 29700 | I80: 9070 | J80: 38575 | K80: 42385 | L80: 否 | M80: 无异常 | N80: 低 | R80: =IF(O80="","待检测",IF(O80=M80,"正确","不一致"))
A81: DQ-0080 | B81: SHIFT-POST-20260225 | C81: 46078 | D81: 0.64211849 | E81: 0.68253472 | F81: 0.95819896 | G81: 0.98182646 | H81: 28800 | I81: 7270 | J81: 32361 | K81: 32960 | L81: 否 | M81: 无异常 | N81: 低 | R81: =IF(O81="","待检测",IF(O81=M81,"正确","不一致"))
A82: DQ-0081 | B82: SHIFT-POST-20260226 | C82: 46079 | D82: 1.18 | E82: 0.75717172 | F82: 0.89324118 | G82: 0.98750794 | H82: 29700 | I82: 3976 | J82: 32648 | K82: 33061 | L82: 是 | M82: 数值越界 | N82: 高 | R82: =IF(O82="","待检测",IF(O82=M82,"正确","不一致"))
A83: DQ-0082 | B83: SHIFT-POST-20260227 | C83: 46080 | D83: 0.66196395 | E83: 0.73516235 | F83: 0.92944499 | G83: 0.96878496 | H83: 27009 | I83: 3217 | J83: 17901 | K83: 17876 | L83: 是 | M83: 良品数大于总产量 | N83: 高 | R83: =IF(O83="","待检测",IF(O83=M83,"正确","不一致"))
A84: DQ-0083 | B84: SHIFT-POST-20260302 | C84: 46083 | D84: 0.7002906 | E84: 0.79974884 | F84: 0.90265892 | G84: 0.97006537 | I84: 2665 | J84: 49711 | K84: 51245 | L84: 是 | M84: 关键字段缺失 | N84: 高 | R84: =IF(O84="","待检测",IF(O84=M84,"正确","不一致"))
A85: DQ-0084 | B85: SHIFT-POST-20260303 | C85: 46084 | D85: 0.617642 | E85: 0.66645207 | F85: 0.94536896 | G85: 0.98031705 | H85: 27960 | I85: -120 | J85: 40691 | K85: 41508 | L85: 是 | M85: 负停机时长 | N85: 高 | R85: =IF(O85="","待检测",IF(O85=M85,"正确","不一致"))
A86: DQ-0085 | B86: SHIFT-POST-20260304 | C86: 46085 | D86: 0.79352928 | E86: 0.72987819 | F86: 0.99417319 | G86: 0.98333018 | H86: 26762 | I86: 4604 | J86: 25955 | K86: 26395 | L86: 是 | M86: OEE分项不一致 | N86: 中 | R86: =IF(O86="","待检测",IF(O86=M86,"正确","不一致"))
A87: DQ-0086 | B87: SHIFT-POST-20260304 | C87: 46086 | D87: 0.69799157 | E87: 0.75750377 | F87: 0.9355949 | G87: 0.98486687 | H87: 26520 | I87: 4127 | J87: 25967 | K87: 26366 | L87: 是 | M87: 复合主键重复 | N87: 中 | R87: =IF(O87="","待检测",IF(O87=M87,"正确","不一致"))
A88: DQ-0087 | B88: SHIFT-POST-20260306 | C88: 46087 | D88: 0.70783314 | E88: 0.76042926 | F88: 0.9750172 | G88: 0.95468434 | H88: 20687 | I88: 4154 | J88: 22184 | K88: 23237 | L88: 否 | M88: 无异常 | N88: 低 | R88: =IF(O88="","待检测",IF(O88=M88,"正确","不一致"))
A89: DQ-0088 | B89: SHIFT-POST-20260309 | C89: 46090 | D89: 0.73231526 | E89: 0.79790795 | F89: 0.9324041 | G89: 0.9843309 | H89: 28680 | I89: 3167 | J89: 50570 | K89: 51375 | L89: 否 | M89: 无异常 | N89: 低 | R89: =IF(O89="","待检测",IF(O89=M89,"正确","不一致"))
A90: DQ-0089 | B90: SHIFT-POST-20260310 | C90: 46091 | D90: 0.66016414 | E90: 0.76016835 | F90: 0.8930272 | G90: 0.9724728 | H90: 29700 | I90: 6003 | J90: 52285 | K90: 53765 | L90: 否 | M90: 无异常 | N90: 低 | R90: =IF(O90="","待检测",IF(O90=M90,"正确","不一致"))
A91: DQ-0090 | B91: SHIFT-POST-20260311 | C91: 46092 | D91: 0.39079403 | E91: 0.56634835 | F91: 0.77144908 | G91: 0.89445196 | H91: 28064 | I91: 11007 | J91: 26440 | K91: 29560 | L91: 否 | M91: 无异常 | N91: 低 | R91: =IF(O91="","待检测",IF(O91=M91,"正确","不一致"))
A92: DQ-0091 | B92: SHIFT-POST-20260312 | C92: 46093 | D92: 1.18 | E92: 0.73965429 | F92: 0.93593897 | G92: 0.98959953 | H92: 27306 | I92: 5370 | J92: 26737 | K92: 27018 | L92: 是 | M92: 数值越界 | N92: 高 | R92: =IF(O92="","待检测",IF(O92=M92,"正确","不一致"))
A93: DQ-0092 | B93: SHIFT-POST-20260313 | C93: 46094 | D93: 0.53204397 | E93: 0.58997462 | F93: 0.9259372 | G93: 0.97394103 | H93: 27191 | I93: 8272 | J93: 19289 | K93: 19264 | L93: 是 | M93: 良品数大于总产量 | N93: 高 | R93: =IF(O93="","待检测",IF(O93=M93,"正确","不一致"))
A94: DQ-0093 | B94: SHIFT-POST-20260316 | C94: 46097 | D94: 0.59414134 | E94: 0.61084668 | F94: 0.98361482 | G94: 0.98885473 | I94: 8625 | J94: 38595 | K94: 39030 | L94: 是 | M94: 关键字段缺失 | N94: 高 | R94: =IF(O94="","待检测",IF(O94=M94,"正确","不一致"))
A95: DQ-0094 | B95: SHIFT-POST-20260317 | C95: 46098 | D95: 0.74535688 | E95: 0.78982474 | F95: 0.9543982 | G95: 0.98878968 | H95: 28186 | I95: -120 | J95: 50717 | K95: 51292 | L95: 是 | M95: 负停机时长 | N95: 高 | R95: =IF(O95="","待检测",IF(O95=M95,"正确","不一致"))
A96: DQ-0095 | B96: SHIFT-POST-20260318 | C96: 46099 | D96: 0.78027053 | E96: 0.74869558 | F96: 0.9494164 | G96: 0.98515338 | H96: 25682 | I96: 3713 | J96: 27073 | K96: 27481 | L96: 是 | M96: OEE分项不一致 | N96: 中 | R96: =IF(O96="","待检测",IF(O96=M96,"正确","不一致"))
A97: DQ-0096 | B97: SHIFT-POST-20260318 | C97: 46100 | D97: 0.69934822 | E97: 0.70718232 | F97: 0.9964166 | G97: 0.99247854 | H97: 24797 | I97: 6076 | J97: 22432 | K97: 22602 | L97: 是 | M97: 复合主键重复 | N97: 中 | R97: =IF(O97="","待检测",IF(O97=M97,"正确","不一致"))
A98: DQ-0097 | B98: SHIFT-POST-20260320 | C98: 46101 | D98: 0.64218315 | E98: 0.64905267 | F98: 1.0137873 | G98: 0.97596019 | H98: 24015 | I98: 6078 | J98: 24318 | K98: 24917 | L98: 否 | M98: 无异常 | N98: 低 | R98: =IF(O98="","待检测",IF(O98=M98,"正确","不一致"))
A99: DQ-0098 | B99: SHIFT-POST-20260323 | C99: 46104 | D99: 0.69503572 | E99: 0.72434706 | F99: 0.9753967 | G99: 0.9837373 | H99: 28525 | I99: 4562 | J99: 44158 | K99: 44888 | L99: 否 | M99: 无异常 | N99: 低 | R99: =IF(O99="","待检测",IF(O99=M99,"正确","不一致"))
A100: DQ-0099 | B100: SHIFT-POST-20260324 | C100: 46105 | D100: 0.67876425 | E100: 0.68490539 | F100: 1.0003925 | G100: 0.9906448 | H100: 27798 | I100: 7503 | J100: 19696 | K100: 19882 | L100: 否 | M100: 无异常 | N100: 低 | R100: =IF(O100="","待检测",IF(O100=M100,"正确","不一致"))
...

Sheet 06_岗位画像_模拟
A1: RoleID | B1: 演示用户 | C1: 岗位名称 | D1: 组织范围 | E1: 产线范围 | F1: 必看指标 | G1: 数据颗粒度 | H1: 推送偏好 | I1: 数据性质
A2: ROLE-CEO | B2: 演示用户-经营层 | C2: 经营层 | D2: 全集团 | E2: 全部产线 | F2: OEE、重大交付风险、跨部门处置进度 | G2: 仅汇总 | H2: 即时高风险+每日摘要 | I2: 团队模拟数据
A3: ROLE-PLANT | B3: 演示用户-厂长 | C3: 厂长 | D3: 示范工厂 | E3: 全部产线 | F3: 产线OEE、停机损失、良率 | G3: 产线/班次 | H3: 即时高风险+每班摘要 | I3: 团队模拟数据
A4: ROLE-PROD | B4: 演示用户-生产主管 | C4: 生产主管 | D4: 示范工厂 | E4: LINE-R01 | F4: 产量、性能损失、工单进度 | G4: 班次/工单 | H4: 事件触发 | I4: 团队模拟数据
A5: ROLE-EQUIP | B5: 演示用户-设备工程师 | C5: 设备工程师 | D5: 示范工厂 | E5: LINE-R01 | F5: 非计划停机、设备位置、维修任务 | G5: 停机事件 | H5: 事件触发 | I5: 团队模拟数据
A6: ROLE-QA | B6: 演示用户-质量工程师 | C6: 质量工程师 | D6: 示范工厂 | E6: LINE-R01 | F6: 质量率、良品数、冻结量、异常批次 | G6: 批次/物料 | H6: 事件触发 | I6: 团队模拟数据
A7: ROLE-SC | B7: 演示用户-供应链 | C7: 供应链负责人 | D7: 示范工厂 | E7: 全部产线 | F7: 物料缺口、库存、供应承诺 | G7: 物料明细 | H7: 事件触发 | I7: 团队模拟数据

Sheet 07_推送规则_模拟
A1: RuleID | B1: 触发条件 | C1: 严重度 | D1: 接收岗位 | E1: 推送方式 | F1: 消息内容颗粒度 | G1: 去重窗口_分钟 | H1: 升级策略 | I1: 状态 | J1: 数据性质
A2: PUSH-001 | B2: OEE低于75% | C2: 高 | D2: 厂长 | E2: 飞书消息卡片 | F2: 产线、班次、OEE及三项损失 | G2: 120 | H2: 30分钟未确认升级经营层 | I2: 启用 | J2: 团队模拟数据
A3: PUSH-002 | B3: 非计划停机超过60分钟 | C3: 高 | D3: 设备工程师 | E3: 飞书消息卡片+任务 | F3: 设备位置、停机原因、持续时间 | G3: 60 | H3: 20分钟未响应升级厂长 | I3: 启用 | J3: 团队模拟数据
A4: PUSH-003 | B4: 质量率低于98% | C4: 高 | D4: 质量工程师 | E4: 飞书消息卡片+任务 | F4: 总产量、良品数、缺陷数量 | G4: 120 | H4: 30分钟未确认升级质量负责人 | I4: 启用 | J4: 团队模拟数据
A5: PUSH-004 | B5: 性能率低于85% | C5: 中 | D5: 生产主管 | E5: 飞书消息卡片 | F5: 计划产量、实际产量、速度损失 | G5: 240 | H5: 每班汇总 | I5: 启用 | J5: 团队模拟数据
A6: PUSH-005 | B6: 物料缺口大于0 | C6: 高 | D6: 供应链负责人 | E6: 飞书消息卡片+任务 | F6: 订单、物料、需求日、缺口量 | G6: 120 | H6: 30分钟未确认升级厂长 | I6: 启用 | J6: 团队模拟数据
A7: PUSH-006 | B7: ERP与SRM日期冲突 | C7: 中 | D7: 供应链负责人 | E7: 飞书消息卡片 | F7: 两个来源日期及影响订单 | G7: 240 | H7: 每日汇总 | I7: 启用 | J7: 团队模拟数据
A8: PUSH-007 | B8: BOM版本冲突 | C8: 高 | D8: 研发工程师 | E8: 飞书消息卡片+任务 | F8: 订单BOM、工单BOM、物料 | G8: 120 | H8: 30分钟未确认升级研发负责人 | I8: 启用 | J8: 团队模拟数据
A9: PUSH-008 | B9: 数据质量高风险 | C9: 高 | D9: 字段责任人 | E9: 飞书消息卡片 | F9: 原始值、规则、待确认问题 | G9: 120 | H9: 30分钟未确认升级数据负责人 | I9: 启用 | J9: 团队模拟数据

Sheet 08_处置任务_模拟
A1: TaskID | B1: EventID | C1: WorkOrderID | D1: 任务措施 | E1: 责任岗位 | F1: 截止日期 | G1: 状态 | H1: 处理结果_待填 | I1: 数据性质
A2: TASK-0001 | B2: EVT-0002 | C2: WO-20250923-002 | D2: 检查非计划停机原因并反馈预计恢复时间 | E2: 设备工程师 | F2: 45924 | G2: 处理中 | I2: 团队模拟数据
A3: TASK-0002 | B3: EVT-0002 | C3: WO-20250923-002 | D3: 核对良率异常及冻结批次 | E3: 质量工程师 | F3: 45924 | G3: 待处理 | I3: 团队模拟数据
A4: TASK-0003 | B4: EVT-0002 | C4: WO-20250923-002 | D4: 核对物料缺口和供应承诺 | E4: 供应链负责人 | F4: 45924 | G4: 待处理 | I4: 团队模拟数据
A5: TASK-0004 | B5: EVT-0003 | C5: WO-20250924-003 | D5: 检查非计划停机原因并反馈预计恢复时间 | E5: 设备工程师 | F5: 45925 | G5: 处理中 | I5: 团队模拟数据
A6: TASK-0005 | B6: EVT-0003 | C6: WO-20250924-003 | D6: 核对良率异常及冻结批次 | E6: 质量工程师 | F6: 45925 | G6: 待处理 | I6: 团队模拟数据
A7: TASK-0006 | B7: EVT-0003 | C7: WO-20250924-003 | D7: 核对物料缺口和供应承诺 | E7: 供应链负责人 | F7: 45925 | G7: 待处理 | I7: 团队模拟数据
A8: TASK-0007 | B8: EVT-0004 | C8: WO-20250925-004 | D8: 检查非计划停机原因并反馈预计恢复时间 | E8: 设备工程师 | F8: 45926 | G8: 处理中 | I8: 团队模拟数据
A9: TASK-0008 | B9: EVT-0004 | C9: WO-20250925-004 | D9: 核对良率异常及冻结批次 | E9: 质量工程师 | F9: 45926 | G9: 待处理 | I9: 团队模拟数据
A10: TASK-0009 | B10: EVT-0004 | C10: WO-20250925-004 | D10: 核对物料缺口和供应承诺 | E10: 供应链负责人 | F10: 45926 | G10: 待处理 | I10: 团队模拟数据
A11: TASK-0010 | B11: EVT-0005 | C11: WO-20250926-005 | D11: 检查非计划停机原因并反馈预计恢复时间 | E11: 设备工程师 | F11: 45927 | G11: 处理中 | I11: 团队模拟数据
A12: TASK-0011 | B12: EVT-0005 | C12: WO-20250926-005 | D12: 核对良率异常及冻结批次 | E12: 质量工程师 | F12: 45927 | G12: 待处理 | I12: 团队模拟数据
A13: TASK-0012 | B13: EVT-0005 | C13: WO-20250926-005 | D13: 核对物料缺口和供应承诺 | E13: 供应链负责人 | F13: 45927 | G13: 待处理 | I13: 团队模拟数据
... A76: TASK-0075 | B76: EVT-0030 | C76: WO-20251104-030 | D76: 核对物料缺口和供应承诺 | E76: 供应链负责人 | F76: 45966 | G76: 待处理 | I76: 团队模拟数据

Sheet 09_字段字典
A1: 工作表 | B1: 字段 | C1: 建议飞书字段类型 | D1: 定义/计算口径 | E1: 数据性质
A2: 01_OEE班次 | B2: ShiftID | C2: 文本 | D2: 阶段+日期生成的班次唯一键 | E2: 公开数据派生键
A3: 01_OEE班次 | B3: OEE原值 | C3: 百分比 | D3: 来源数据集的OEE | E3: 公开真实数据
A4: 01_OEE班次 | B4: OEE复算 | C4: 公式 | D4: 开动率×性能率×质量率 | E4: 工作簿公式
A5: 01_OEE班次 | B5: 良率复算 | C5: 公式 | D5: 良品数÷总产量 | E5: 工作簿公式
A6: 02_停机明细 | B6: StopEventID | C6: 文本 | D6: 停机事件唯一键 | E6: 公开数据派生键
A7: 02_停机明细 | B7: ShiftID | C7: 文本 | D7: 关联OEE班次表 | E7: 公开数据派生键
A8: 03_工单映射_模拟 | B8: WorkOrderID | C8: 文本 | D8: 演示工单唯一键 | E8: 团队模拟
A9: 04_订单物料_模拟 | B9: BusinessKey | C9: 文本 | D9: 订单号+订单行+物料编码 | E9: 团队模拟
A10: 04_订单物料_模拟 | B10: EventID | C10: 文本 | D10: 贯穿问题、任务和复盘的事件编号 | E10: 团队模拟
A11: 04_订单物料_模拟 | B11: 物料缺口 | C11: 公式 | D11: max(0,需求量-需求日前可用量) | E11: 工作簿公式
A12: 05_数据质量测试 | B12: ExpectedIssueType | C12: 单选 | D12: 人工注错的标准答案 | E12: 实验标签
... A16: 07_推送规则_模拟 | B16: 去重窗口_分钟 | C16: 数字 | D16: 相同事件在窗口期内不重复推送 | E16: 团队模拟
A18: --- v3 新增字段字典 ---
A19: 表名 | B19: 字段名 | C19: 类型 | D19: 说明
A20: 16_不良类型_模拟 | B20: DefectDetailID | C20: 文本 | D20: 不良明细记录唯一ID (DEF-00001~DEF-01575)
A21: 16_不良类型_模拟 | B21: SimShiftID | C21: 关联 | D21: 关联12_多产线班次_模拟
A22: 16_不良类型_模拟 | B22: 不良类型 | C22: 单选 | D22: 外观不良/尺寸超差/功能失效/电气不良/其他不良
A23: 16_不良类型_模拟 | B23: 不良数量 | C23: 数字 | D23: 该班次该不良类型的数量(整数)
A24: 16_不良类型_模拟 | B24: 不良占比 | C24: 数字 | D24: 该类型占班次不良总数的比例(0~1, 显示0.00%)
A25: 17_质量冻结明细_模拟 | B25: FreezeID | C25: 文本 | D25: 冻结记录唯一ID (FZ-0001~FZ-0045)
A26: 17_质量冻结明细_模拟 | B26: BusinessKey | C26: 关联 | D26: 关联04_订单物料_模拟
A27: 17_质量冻结明细_模拟 | B27: 冻结原因 | C27: 单选 | D27: 抽检不合格/功能测试失败/来料质量异常/电气性能异常/工艺参数偏移/尺寸超差/外观不良
A28: 17_质量冻结明细_模拟 | B28: 关联不良类型 | C28: 单选 | D28: 关联16表的不良类型分类
A29: 17_质量冻结明细_模拟 | B29: 风险等级 | C29: 公式 | D29: VLOOKUP 04表风险等级
A30: 17_质量冻结明细_模拟 | B30: 需要人工确认 | C30: 公式 | D30: 风险等级=高且状态≠已解除→是
... A41: 13_多产线停机(新增) | B41: 同02表 | C41: 公式 | D41: 字段相同，公式引用18表

Sheet 10_多产线说明
A1: BIFROST 多产线模拟扩展层｜使用说明
A3: 结论 | B3: 原始公开数据只有一条真实产线；LINE-R01仅代表来源线。LINE-S01/S02/S03全部是团队模拟场景。
A4: 使用目的 | B4: 用于展示多产线横向对比、智能体分工、主动推送和管理员公式配置能力。
A5: 禁止表述 | B5: 不得称为合作企业真实多产线数据，不得用模拟层证明企业实际经营改善。
A6: 推荐页面 | B6: 真实单线深度分析｜模拟多产线管理演示；两个入口必须显示数据性质标签。
A7: 真实来源 | B7: https://zenodo.org/records/17855209
A8: 模拟版本 | B8: SIM-v2.2-20260807-20260804
A9: 记录规模 | B9: 315条模拟班次；3525条模拟停机事件；909条规则告警
A11: 工作表 | B11: 用途 | C11: 主键 | D11: 来源关联 | E11: 数据性质 | F11: 飞书建议 | G11: 关键限制 | H11: 更新方式
A12: 01_OEE班次 | B12: 真实单线OEE | C12: ShiftID | D12: - | E12: 公开真实 | F12: 真实分析入口 | G12: 无LineID | H12: 保留原表
A13: 11_产线主数据_模拟 | B13: 模拟参数 | C13: LineID | D13: - | E13: 团队模拟 | F13: 配置表 | G13: 参数可调整 | H13: 管理员发布版本
A14: 12_多产线班次_模拟 | B14: 横向OEE | C14: SimShiftID | D14: SourceShiftID | E14: 团队模拟 | F14: 多线看板 | G14: 不能冒充真实线 | H14: 按版本重算
A15: 13_多产线停机_模拟 | B15: 停机追溯 | C15: SimStopEventID | D15: SourceStopEventID | E15: 团队模拟 | F15: 根因/Pareto | G15: 工位为演示映射 | H15: 按版本重算
A16: 14_多产线告警_模拟 | B16: 智能体路由 | C16: EventID | D16: SimShiftID | E16: 团队模拟 | F16: 预警与任务 | G16: 高风险需人工确认 | H16: 由规则重算
A17: 15_多产线校验 | B17: 质量核对 | C17: LineID+阶段 | D17: 12/14表 | E17: 计算汇总 | F17: 管理员验收 | G17: 用于核数 | H17: 公式自动更新
A19: --- v3 5M1E 第一阶段补充说明 ---
A20: 16_不良类型_模拟：基于12表315个SimShiftID生成，每班次5种不良类型，共1575行
A21: 三条线不良画像差异：S01均衡、S02功能失效+电气主导、S03外观+尺寸主导
A22: 17_质量冻结明细_模拟：45行，与04表冻结记录1:1对齐，冻结总量6000
A23: 18_换产标准_模拟：3条规则，02/13表通过VLOOKUP引用实现公式驱动
A24: 所有新增数据为团队模拟数据(SIM-v2.2-20260807-20260805)，不得解释为合作企业真实数据

Sheet 11_产线主数据_模拟
A1: LineID | B1: 产线名称 | C1: 场景画像 | D1: 演示产品族 | E1: 目标OEE | F1: 产能系数 | G1: 改善前_开动率偏移 | H1: 改善后_开动率偏移 | I1: 改善前_性能率偏移 | J1: 改善后_性能率偏移 | K1: 改善前_质量率偏移 | L1: 改善后_质量率偏移 | M1: 改善前_非计划停机系数 | N1: 改善后_非计划停机系数 | O1: 主要风险 | P1: 默认智能体 | Q1: 数据性质 | R1: 模拟版本
A2: LINE-S01 | B2: 稳态基准线 | C2: 稳定生产、波动较小，作为横向比较基准 | D2: 智能终端系列 | E2: 0.78 | F2: 1 | G2: 0.02 | H2: 0.025 | I2: 0.01 | J2: 0.015 | K2: 0 | L2: 0.001 | M2: 0.9 | N2: 0.82 | O2: 综合效率波动 | P2: 生产诊断智能体 | Q2: 团队模拟数据（基于公开单线数据派生） | R2: SIM-v2.2-20260807-20260804
A3: LINE-S02 | B3: 设备瓶颈线 | C3: 关键设备停机偏多，改善后故障影响逐步收敛 | D3: 视觉设备系列 | E3: 0.74 | F3: 0.95 | G3: -0.06 | H3: -0.025 | I3: -0.005 | J3: 0.005 | K3: 0.001 | L3: 0.002 | M3: 1.35 | N3: 1.1 | O3: 设备非计划停机 | P3: 设备诊断智能体 | Q3: 团队模拟数据（基于公开单线数据派生） | R3: SIM-v2.2-20260807-20260804
A4: LINE-S03 | B4: 质量波动线 | C4: 产能较高但质量与节拍波动，改善后质量损失下降 | D4: 音频模组系列 | E4: 0.76 | F4: 1.08 | G4: 0.005 | H4: 0.015 | I4: -0.025 | J4: -0.01 | K4: -0.025 | L4: -0.01 | M4: 0.98 | N4: 0.9 | O4: 质量与节拍波动 | P4: 质量分析智能体 | Q4: 团队模拟数据（基于公开单线数据派生） | R4: SIM-v2.2-20260807-20260804

Sheet 12_多产线班次_模拟
A1: SimShiftID | B1: SourceShiftID | C1: LineID | D1: 产线名称 | E1: 场景画像 | F1: 阶段 | G1: 班次日期 | H1: 演示产品族 | I1: 计划生产时间_秒 | J1: 开动率 | K1: 性能率 | L1: 质量率 | M1: OEE复算 | N1: 总产量 | O1: 良品数 | P1: 良率复算 | Q1: 计划停机_秒 | R1: 非计划停机_秒 | S1: 全速生产_秒 | T1: 低速生产_秒 | U1: 目标OEE | V1: OEE偏差 | W1: 风险等级 | X1: 数据性质 | Y1: 来源链接 | Z1: 模拟版本 | AA1: 生成规则摘要
A2: LINE-S01-PRE-20250922 | B2: SHIFT-PRE-20250922 | C2: LINE-S01 | D2: 稳态基准线 | E2: 稳定生产、波动较小，作为横向比较基准 | F2: 改善前 | G2: 45922 | H2: 智能终端系列 | I2: 17884 | J2: 0.8982 | K2: 0.925533 | L2: 0.997378 | M2: =J2*K2*L2 | N2: 36511 | O2: =ROUND(N2*L2,0) | P2: =IF(N2=0,0,O2/N2) | Q2: 12849 | R2: 600 | S2: 14604 | T2: 1212 | U2: 0.78 | V2: =M2-U2 | W2: =IF(OR(J2<0.65,L2<0.96,M2<0.6),"高",IF(OR(J2<0.78,K2<0.88,L2<0.98,M2<0.75),"中","低")) | X2: 团队模拟数据（基于公开单线数据派生） | Y2: https://zenodo.org/records/17855209 | Z2: SIM-v2.2-20260807-20260804 | AA2: 基于SHIFT-PRE-20250922；应用稳态基准线的改善前参数、确定性周期扰动及停机事件缩放
A3: LINE-S02-PRE-20250922 | B3: SHIFT-PRE-20250922 | C3: LINE-S02 | D3: 设备瓶颈线 | E3: 关键设备停机偏多，改善后故障影响逐步收敛 | F3: 改善前 | G3: 45922 | H3: 视觉设备系列 | I3: 17884 | J3: 0.832867 | K3: 0.928867 | L3: 0.9995 | M3: =J3*K3*L3 | N3: 33627 | O3: =ROUND(N3*L3,0) | P3: =IF(N3=0,0,O3/N3) | Q3: 13373 | R3: 990 | S3: 13627 | T3: 1383 | U3: 0.74 | V3: =M3-U3 | W3: =IF(OR(J3<0.65,L3<0.96,M3<0.6),"高",IF(OR(J3<0.78,K3<0.88,L3<0.98,M3<0.75),"中","低")) | X3: 团队模拟数据（基于公开单线数据派生） | Y3: https://zenodo.org/records/17855209 | Z3: SIM-v2.2-20260807-20260804 | AA3: 基于SHIFT-PRE-20250922；应用设备瓶颈线的改善前参数、确定性周期扰动及停机事件缩放
A4: LINE-S03-PRE-20250922 | B4: SHIFT-PRE-20250922 | C4: LINE-S03 | D4: 质量波动线 | E4: 产能较高但质量与节拍波动，改善后质量损失下降 | F4: 改善前 | G4: 45922 | H4: 音频模组系列 | I4: 17884 | J4: 0.8872 | K4: 0.895533 | L4: 0.973711 | M4: =J4*K4*L4 | N4: 39884 | O4: =ROUND(N4*L4,0) | P4: =IF(N4=0,0,O4/N4) | Q4: 13111 | R4: 738 | S4: 15877 | T4: 1580 | U4: 0.76 | V4: =M4-U4 | W4: =IF(OR(J4<0.65,L4<0.96,M4<0.6),"高",IF(OR(J4<0.78,K4<0.88,L4<0.98,M4<0.75),"中","低")) | X4: 团队模拟数据（基于公开单线数据派生） | Y4: https://zenodo.org/records/17855209 | Z4: SIM-v2.2-20260807-20260804 | AA4: 基于SHIFT-PRE-20250922；应用质量波动线的改善前参数、确定性周期扰动及停机事件缩放
A5: LINE-S01-PRE-20250923 | B5: SHIFT-PRE-20250923 | C5: LINE-S01 | D5: 稳态基准线 | E5: 稳定生产、波动较小，作为横向比较基准 | F5: 改善前 | G5: 45923 | H5: 智能终端系列 | I5: 29700 | J5: 0.640933 | K5: 0.9547 | L5: 0.998389 | M5: =J5*K5*L5 | N5: 25697 | O5: =ROUND(N5*L5,0) | P5: =IF(N5=0,0,O5/N5) | Q5: 621 | R5: 9450 | S5: 17669 | T5: 1033 | U5: 0.78 | V5: =M5-U5 | W5: =IF(OR(J5<0.65,L5<0.96,M5<0.6),"高",IF(OR(J5<0.78,K5<0.88,L5<0.98,M5<0.75),"中","低")) | X5: 团队模拟数据（基于公开单线数据派生） | Y5: https://zenodo.org/records/17855209 | Z5: SIM-v2.2-20260807-20260804 | AA5: 基于SHIFT-PRE-20250923；应用稳态基准线的改善前参数、确定性周期扰动及停机事件缩放
A6: LINE-S02-PRE-20250923 | B6: SHIFT-PRE-20250923 | C6: LINE-S02 | D6: 设备瓶颈线 | E6: 关键设备停机偏多，改善后故障影响逐步收敛 | F6: 改善前 | G6: 45923 | H6: 视觉设备系列 | I6: 29700 | J6: 0.5756 | K6: 0.926367 | L6: 0.995833 | M6: =J6*K6*L6 | N6: 25486 | O6: =ROUND(N6*L6,0) | P6: =IF(N6=0,0,O6/N6) | Q6: 647 | R6: 14586 | S6: 16491 | T6: 1179 | U6: 0.74 | V6: =M6-U6 | W6: =IF(OR(J6<0.65,L6<0.96,M6<0.6),"高",IF(OR(J6<0.78,K6<0.88,L6<0.98,M6<0.75),"中","低")) | X6: 团队模拟数据（基于公开单线数据派生） | Y6: https://zenodo.org/records/17855209 | Z6: SIM-v2.2-20260807-20260804 | AA6: 基于SHIFT-PRE-20250923；应用设备瓶颈线的改善前参数、确定性周期扰动及停机事件缩放
A7: LINE-S03-PRE-20250923 | B7: SHIFT-PRE-20250923 | C7: LINE-S03 | D7: 质量波动线 | E7: 产能较高但质量与节拍波动，改善后质量损失下降 | F7: 改善前 | G7: 45923 | H7: 音频模组系列 | I7: 29700 | J7: 0.629933 | K7: 0.9247 | L7: 0.974722 | M7: =J7*K7*L7 | N7: 28085 | O7: =ROUND(N7*L7,0) | P7: =IF(N7=0,0,O7/N7) | Q7: 634 | R7: 11484 | S7: 18414 | T7: 1348 | U7: 0.76 | V7: =M7-U7 | W7: =IF(OR(J7<0.65,L7<0.96,M7<0.6),"高",IF(OR(J7<0.78,K7<0.88,L7<0.98,M7<0.75),"中","低")) | X7: 团队模拟数据（基于公开单线数据派生） | Y7: https://zenodo.org/records/17855209 | Z7: SIM-v2.2-20260807-20260804 | AA7: 基于SHIFT-PRE-20250923；应用质量波动线的改善前参数、确定性周期扰动及停机事件缩放
A8: LINE-S01-PRE-20250924 | B8: SHIFT-PRE-20250924 | C8: LINE-S01 | D8: 稳态基准线 | E8: 稳定生产、波动较小，作为横向比较基准 | F8: 改善前 | G8: 45924 | H8: 智能终端系列 | I8: 28800 | J8: 0.809967 | K8: 0.978867 | L8: 0.9991 | M8: =J8*K8*L8 | N8: 21594 | O8: =ROUND(N8*L8,0) | P8: =IF(N8=0,0,O8/N8) | Q8: 3169 | R8: 2646 | S8: 20802 | T8: 1402 | U8: 0.78 | V8: =M8-U8 | W8: =IF(OR(J8<0.65,L8<0.96,M8<0.6),"高",IF(OR(J8<0.78,K8<0.88,L8<0.98,M8<0.75),"中","低")) | X8: 团队模拟数据（基于公开单线数据派生） | Y8: https://zenodo.org/records/17855209 | Z8: SIM-v2.2-20260807-20260804 | AA8: 基于SHIFT-PRE-20250924；应用稳态基准线的改善前参数、确定性周期扰动及停机事件缩放
A9: LINE-S02-PRE-20250924 | B9: SHIFT-PRE-20250924 | C9: LINE-S02 | D9: 设备瓶颈线 | E9: 关键设备停机偏多，改善后故障影响逐步收敛 | F9: 改善前 | G9: 45924 | H9: 视觉设备系列 | I9: 28800 | J9: 0.7193 | K9: 0.950533 | L9: 0.996544 | M9: =J9*K9*L9 | N9: 19876 | O9: =ROUND(N9*L9,0) | P9: =IF(N9=0,0,O9/N9) | Q9: 3299 | R9: 4386 | S9: 20251 | T9: 1600 | U9: 0.74 | V9: =M9-U9 | W9: =IF(OR(J9<0.65,L9<0.96,M9<0.6),"高",IF(OR(J9<0.78,K9<0.88,L9<0.98,M9<0.75),"中","低")) | X9: 团队模拟数据（基于公开单线数据派生） | Y9: https://zenodo.org/records/17855209 | Z9: SIM-v2.2-20260807-20260804 | AA9: 基于SHIFT-PRE-20250924；应用设备瓶颈线的改善前参数、确定性周期扰动及停机事件缩放
A10: LINE-S03-PRE-20250924 | B10: SHIFT-PRE-20250924 | C10: LINE-S03 | D10: 质量波动线 | E10: 产能较高但质量与节拍波动，改善后质量损失下降 | F10: 改善前 | G10: 45924 | H10: 音频模组系列 | I10: 28800 | J10: 0.798967 | K10: 0.9172 | L10: 0.966989 | M10: =J10*K10*L10 | N10: 23594 | O10: =ROUND(N10*L10,0) | P10: =IF(N10=0,0,O10/N10) | Q10: 3234 | R10: 3168 | S10: 22618 | T10: 1829 | U10: 0.76 | V10: =M10-U10 | W10: =IF(OR(J10<0.65,L10<0.96,M10<0.6),"高",IF(OR(J10<0.78,K10<0.88,L10<0.98,M10<0.75),"中","低")) | X10: 团队模拟数据（基于公开单线数据派生） | Y10: https://zenodo.org/records/17855209 | Z10: SIM-v2.2-20260807-20260804 | AA10: 基于SHIFT-PRE-20250924；应用质量波动线的改善前参数、确定性周期扰动及停机事件缩放
A11: LINE-S01-PRE-20250925 | B11: SHIFT-PRE-20250925 | C11: LINE-S01 | D11: 稳态基准线 | E11: 稳定生产、波动较小，作为横向比较基准 | F11: 改善前 | G11: 45925 | H11: 智能终端系列 | I11: 24300 | J11: 0.728567 | K11: 0.913467 | L11: 0.991967 | M11: =J11*K11*L11 | N11: 17270 | O11: =ROUND(N11*L11,0) | P11: =IF(N11=0,0,O11/N11) | Q11: 7559 | R11: 3894 | S11: 16006 | T11: 1390 | U11: 0.78 | V11: =M11-U11 | W11: =IF(OR(J11<0.65,L11<0.96,M11<0.6),"高",IF(OR(J11<0.78,K11<0.88,L11<0.98,M11<0.75),"中","低")) | X11: 团队模拟数据（基于公开单线数据派生） | Y11: https://zenodo.org/records/17855209 | Z11: SIM-v2.2-20260807-20260804 | AA11: 基于SHIFT-PRE-20250925；应用稳态基准线的改善前参数、确定性周期扰动及停机事件缩放
A12: LINE-S02-PRE-20250925 | B12: SHIFT-PRE-20250925 | C12: LINE-S02 | D12: 设备瓶颈线 | E12: 关键设备停机偏多，改善后故障影响逐步收敛 | F12: 改善前 | G12: 45925 | H12: 视觉设备系列 | I12: 24300 | J12: 0.663233 | K12: 0.9168 | L12: 0.997856 | M12: =J12*K12*L12 | N12: 15909 | O12: =ROUND(N12*L12,0) | P12: =IF(N12=0,0,O12/N12) | Q12: 7867 | R12: 6228 | S12: 14936 | T12: 1587 | U12: 0.74 | V12: =M12-U12 | W12: =IF(OR(J12<0.65,L12<0.96,M12<0.6),"高",IF(OR(J12<0.78,K12<0.88,L12<0.98,M12<0.75),"中","低")) | X12: 团队模拟数据（基于公开单线数据派生） | Y12: https://zenodo.org/records/17855209 | Z12: SIM-v2.2-20260807-20260804 | AA12: 基于SHIFT-PRE-20250925；应用设备瓶颈线的改善前参数、确定性周期扰动及停机事件缩放
A13: LINE-S03-PRE-20250925 | B13: SHIFT-PRE-20250925 | C13: LINE-S03 | D13: 质量波动线 | E13: 产能较高但质量与节拍波动，改善后质量损失下降 | F13: 改善前 | G13: 45925 | H13: 音频模组系列 | I13: 24300 | J13: 0.717567 | K13: 0.883467 | L13: 0.9683 | M13: =J13*K13*L13 | N13: 17521 | O13: =ROUND(N13*L13,0) | P13: =IF(N13=0,0,O13/N13) | Q13: 7713 | R13: 5022 | S13: 17401 | T13: 1813 | U13: 0.76 | V13: =M13-U13 | W13: =IF(OR(J13<0.65,L13<0.96,M13<0.6),"高",IF(OR(J13<0.78,K13<0.88,L13<0.98,M13<0.75),"中","低")) | X13: 团队模拟数据（基于公开单线数据派生） | Y13: https://zenodo.org/records/17855209 | Z13: SIM-v2.2-20260807-20260804 | AA13: 基于SHIFT-PRE-20250925；应用质量波动线的改善前参数、确定性周期扰动及停机事件缩放
... A316: LINE-S03-POST-20260403 | B316: SHIFT-POST-20260403 | C316: LINE-S03 | D316: 质量波动线 | E316: 产能较高但质量与节拍波动，改善后质量损失下降 | F316: 改善后 | G316: 46115 | H316: 音频模组系列 | I316: 9143 | J316: 0.643131 | K316: 1.072921 | L316: 0.974927 | M316: =J316*K316*L316 | N316: 7102 | O316: =ROUND(N316*L316,0) | P316: =IF(N316=0,0,O316/N316) | Q316: 1411 | R316: 3114 | S316: 6070 | T316: 280 | U316: 0.76 | V316: =M316-U316 | W316: =IF(OR(J316<0.65,L316<0.96,M316<0.6),"高",IF(OR(J316<0.78,K316<0.88,L316<0.98,M316<0.75),"中","低")) | X316: 团队模拟数据（基于公开单线数据派生） | Y316: https://zenodo.org/records/17855209 | Z316: SIM-v2.2-20260807-20260804 | AA316: 基于SHIFT-POST-20260403；应用质量波动线的改善后参数、确定性周期扰动及停机事件缩放

Sheet 13_多产线停机_模拟
A1: SimStopEventID | B1: SourceStopEventID | C1: SimShiftID | D1: SourceShiftID | E1: LineID | F1: 阶段 | G1: 日期 | H1: 演示产品族 | I1: 源产品编码 | J1: 源停机组 | K1: 停机类型 | L1: 源停机位置 | M1: 模拟工位 | N1: 源停机原因 | O1: 开始时间 | P1: 结束时间 | Q1: 持续时间_分钟 | R1: 缩放系数 | S1: 数据性质 | T1: 模拟版本 | U1: 来源链接 | V1: 关联模拟班次 | W1: 班次关联状态 | X1: OEE纳入状态 | Y1: 关联说明 | Z1: 是否换产事件 | AA1: 标准换产时间_分钟 | AB1: 换产超时_分钟 | AC1: 换产达标状态 | AD1: 换产规则ID | AE1: 换产标准数据性质
A2: SIM-STOP-00001 | B2: STOP-PRE-00001 | C2: LINE-S01-PRE-20250922 | D2: SHIFT-PRE-20250922 | E2: LINE-S01 | F2: 改善前 | G2: 45922 | H2: 智能终端系列 | I2: KK200-1 | J2: OPERATIONAL | K2: Planned - Not included in OEE | L2: EXTRUDER PRESS | M2: 主加工工位 | N2: NO PRODUCTION SCHEDULE | O2: 45922.469 | P2: 45922.593 | Q2: 179.6 | R2: 0.9124 | S2: 团队模拟数据（基于公开单线数据派生） | T2: SIM-v2.2-20260807-20260804 | U2: https://zenodo.org/records/17855209 | V2: LINE-S01-PRE-20250922 | W2: 已关联 | X2: 按班次口径判断 | Z2: 否
A3: SIM-STOP-00002 | B3: STOP-PRE-00001 | C3: LINE-S02-PRE-20250922 | D3: SHIFT-PRE-20250922 | E3: LINE-S02 | F3: 改善前 | G3: 45922 | H3: 视觉设备系列 | I3: KK200-1 | J3: OPERATIONAL | K3: Planned - Not included in OEE | L3: EXTRUDER PRESS | M3: 主加工工位 | N3: NO PRODUCTION SCHEDULE | O3: 45922.483 | P3: 45922.624 | Q3: 203.1 | R3: 1.0313 | S3: 团队模拟数据（基于公开单线数据派生） | T3: SIM-v2.2-20260807-20260804 | U3: https://zenodo.org/records/17855209 | V3: LINE-S02-PRE-20250922 | W3: 已关联 | X3: 按班次口径判断 | Z3: 否
A4: SIM-STOP-00003 | B4: STOP-PRE-00001 | C4: LINE-S03-PRE-20250922 | D4: SHIFT-PRE-20250922 | E4: LINE-S03 | F4: 改善前 | G4: 45922 | H4: 音频模组系列 | I4: KK200-1 | J4: OPERATIONAL | K4: Planned - Not included in OEE | L4: EXTRUDER PRESS | M4: 主加工工位 | N4: NO PRODUCTION SCHEDULE | O4: 45922.497 | P4: 45922.629 | Q4: 190.3 | R4: 0.9667 | S4: 团队模拟数据（基于公开单线数据派生） | T4: SIM-v2.2-20260807-20260804 | U4: https://zenodo.org/records/17855209 | V4: LINE-S03-PRE-20250922 | W4: 已关联 | X4: 按班次口径判断 | Z4: 否
A5: SIM-STOP-00004 | B5: STOP-PRE-00002 | C5: LINE-S01-PRE-20250922 | D5: SHIFT-PRE-20250922 | E5: LINE-S01 | F5: 改善前 | G5: 45922 | H5: 智能终端系列 | I5: KK200-1 | J5: SETUPS-CHANGEOVERS | K5: Unplanned | L5: CUTTER | M5: 切割/分板工位 | N5: WIRE ROLL REPLACEMENT | O5: 45922.624 | P5: 45922.626 | Q5: 3.3 | R5: 0.8722 | S5: 团队模拟数据（基于公开单线数据派生） | T5: SIM-v2.2-20260807-20260804 | U5: https://zenodo.org/records/17855209 | V5: LINE-S01-PRE-20250922 | W5: 已关联 | X5: 按班次口径判断 | Z5: 是 | AA5: =IFERROR(VLOOKUP(N5,'18_换产标准_模拟'!$B$2:$F$4,3,FALSE),"") | AB5: =IFERROR(MAX(Q5-AA5,0),"") | AC5: =IFERROR(IF(AB5=0,"达标",IF(AB5<=VLOOKUP(N5,'18_换产标准_模拟'!$B$2:$F$4,4,FALSE)-VLOOKUP(N5,'18_换产标准_模拟'!$B$2:$F$4,3,FALSE),"轻微超时",IF(AB5<=VLOOKUP(N5,'18_换产标准_模拟'!$B$2:$F$4,5,FALSE)-VLOOKUP(N5,'18_换产标准_模拟'!$B$2:$F$4,3,FALSE),"超时","严重超时"))),"") | AD5: =IFERROR(INDEX('18_换产标准_模拟'!$A$2:$A$4,MATCH(N5,'18_换产标准_模拟'!$B$2:$B$4,0)),"") | AE5: 团队模拟数据
A6: SIM-STOP-00005 | B6: STOP-PRE-00002 | C6: LINE-S02-PRE-20250922 | D6: SHIFT-PRE-20250922 | E6: LINE-S02 | F6: 改善前 | G6: 45922 | H6: 视觉设备系列 | I6: KK200-1 | J6: SETUPS-CHANGEOVERS | K6: Unplanned | L6: CUTTER | M6: 切割/分板工位 | N6: WIRE ROLL REPLACEMENT | O6: 45922.637 | P6: 45922.642 | Q6: 6.7 | R6: 1.7719 | S6: 团队模拟数据（基于公开单线数据派生） | T6: SIM-v2.2-20260807-20260804 | U6: https://zenodo.org/records/17855209 | V6: LINE-S02-PRE-20250922 | W6: 已关联 | X6: 按班次口径判断 | Z6: 是 | AA6: =IFERROR(VLOOKUP(N6,'18_换产标准_模拟'!$B$2:$F$4,3,FALSE),"") | AB6: =IFERROR(MAX(Q6-AA6,0),"") | AC6: =IFERROR(IF(AB6=0,"达标",IF(AB6<=VLOOKUP(N6,'18_换产标准_模拟'!$B$2:$F$4,4,FALSE)-VLOOKUP(N6,'18_换产标准_模拟'!$B$2:$F$4,3,FALSE),"轻微超时",IF(AB6<=VLOOKUP(N6,'18_换产标准_模拟'!$B$2:$F$4,5,FALSE)-VLOOKUP(N6,'18_换产标准_模拟'!$B$2:$F$4,3,FALSE),"超时","严重超时"))),"") | AD6: =IFERROR(INDEX('18_换产标准_模拟'!$A$2:$A$4,MATCH(N6,'18_换产标准_模拟'!$B$2:$B$4,0)),"") | AE6: 团队模拟数据
A7: SIM-STOP-00006 | B7: STOP-PRE-00002 | C7: LINE-S03-PRE-20250922 | D7: SHIFT-PRE-20250922 | E7: LINE-S03 | F7: 改善前 | G7: 45922 | H7: 音频模组系列 | I7: KK200-1 | J7: SETUPS-CHANGEOVERS | K7: Unplanned | L7: CUTTER | M7: 切割/分板工位 | N7: WIRE ROLL REPLACEMENT | O7: 45922.651 | P7: 45922.654 | Q7: 3.7 | R7: 0.9854 | S7: 团队模拟数据（基于公开单线数据派生） | T7: SIM-v2.2-20260807-20260804 | U7: https://zenodo.org/records/17855209 | V7: LINE-S03-PRE-20250922 | W7: 已关联 | X7: 按班次口径判断 | Z7: 是 | AA7: =IFERROR(VLOOKUP(N7,'18_换产标准_模拟'!$B$2:$F$4,3,FALSE),"") | AB7: =IFERROR(MAX(Q7-AA7,0),"") | AC7: =IFERROR(IF(AB7=0,"达标",IF(AB7<=VLOOKUP(N7,'18_换产标准_模拟'!$B$2:$F$4,4,FALSE)-VLOOKUP(N7,'18_换产标准_模拟'!$B$2:$F$4,3,FALSE),"轻微超时",IF(AB7<=VLOOKUP(N7,'18_换产标准_模拟'!$B$2:$F$4,5,FALSE)-VLOOKUP(N7,'18_换产标准_模拟'!$B$2:$F$4,3,FALSE),"超时","严重超时"))),"") | AD7: =IFERROR(INDEX('18_换产标准_模拟'!$A$2:$A$4,MATCH(N7,'18_换产标准_模拟'!$B$2:$B$4,0)),"") | AE7: 团队模拟数据
A8: SIM-STOP-00007 | B8: STOP-PRE-00003 | C8: LINE-S01-PRE-20250922 | D8: SHIFT-PRE-20250922 | E8: LINE-S01 | F8: 改善前 | G8: 45922 | H8: 智能终端系列 | I8: KK200-1 | J8: MATERIALS | K8: Unplanned | L8: HACKING STATION | M8: 上下料工位 | N8: MANUAL BRICK HANDLING | O8: 45922.638 | P8: 45922.643 | Q8: 6.7 | R8: 0.9065 | S8: 团队模拟数据（基于公开单线数据派生） | T8: SIM-v2.2-20260807-20260804 | U8: https://zenodo.org/records/17855209 | V8: LINE-S01-PRE-20250922 | W8: 已关联 | X8: 按班次口径判断 | Z8: 否
A9: SIM-STOP-00008 | B9: STOP-PRE-00003 | C9: LINE-S02-PRE-20250922 | D9: SHIFT-PRE-20250922 | E9: LINE-S02 | F9: 改善前 | G9: 45922 | H9: 视觉设备系列 | I9: KK200-1 | J9: MATERIALS | K9: Unplanned | L9: HACKING STATION | M9: 上下料工位 | N9: MANUAL BRICK HANDLING | O9: 45922.652 | P9: 45922.659 | Q9: 9.8 | R9: 1.3275 | S9: 团队模拟数据（基于公开单线数据派生） | T9: SIM-v2.2-20260807-20260804 | U9: https://zenodo.org/records/17855209 | V9: LINE-S02-PRE-20250922 | W9: 已关联 | X9: 按班次口径判断 | Z9: 否
A10: SIM-STOP-00009 | B10: STOP-PRE-00003 | C10: LINE-S03-PRE-20250922 | D10: SHIFT-PRE-20250922 | E10: LINE-S03 | F10: 改善前 | G10: 45922 | H10: 音频模组系列 | I10: KK200-1 | J10: MATERIALS | K10: Unplanned | L10: HACKING STATION | M10: 上下料工位 | N10: MANUAL BRICK HANDLING | O10: 45922.666 | P10: 45922.672 | Q10: 8.6 | R10: 1.1669 | S10: 团队模拟数据（基于公开单线数据派生） | T10: SIM-v2.2-20260807-20260804 | U10: https://zenodo.org/records/17855209 | V10: LINE-S03-PRE-20250922 | W10: 已关联 | X10: 按班次口径判断 | Z10: 否
A11: SIM-STOP-00010 | B11: STOP-PRE-00004 | C11: LINE-S01-PRE-20250922 | D11: SHIFT-PRE-20250922 | E11: LINE-S01 | F11: 改善前 | G11: 45922 | H11: 智能终端系列 | I11: KK250 | J11: SETUPS-CHANGEOVERS | K11: Planned - Included in OEE | L11: EXTRUDER PRESS | M11: 主加工工位 | N11: MATERIAL CHANGEOVER | O11: 45922.743 | P11: 45922.749 | Q11: 8.9 | R11: 0.9231 | S11: 团队模拟数据（基于公开单线数据派生） | T11: SIM-v2.2-20260807-20260804 | U11: https://zenodo.org/records/17855209 | V11: LINE-S01-PRE-20250922 | W11: 已关联 | X11: 按班次口径判断 | Z11: 是 | AA11: =IFERROR(VLOOKUP(N11,'18_换产标准_模拟'!$B$2:$F$4,3,FALSE),"") | AB11: =IFERROR(MAX(Q11-AA11,0),"") | AC11: =IFERROR(IF(AB11=0,"达标",IF(AB11<=VLOOKUP(N11,'18_换产标准_模拟'!$B$2:$F$4,4,FALSE)-VLOOKUP(N11,'18_换产标准_模拟'!$B$2:$F$4,3,FALSE),"轻微超时",IF(AB11<=VLOOKUP(N11,'18_换产标准_模拟'!$B$2:$F$4,5,FALSE)-VLOOKUP(N11,'18_换产标准_模拟'!$B$2:$F$4,3,FALSE),"超时","严重超时"))),"") | AD11: =IFERROR(INDEX('18_换产标准_模拟'!$A$2:$A$4,MATCH(N11,'18_换产标准_模拟'!$B$2:$B$4,0)),"") | AE11: 团队模拟数据
A12: SIM-STOP-00011 | B12: STOP-PRE-00004 | C12: LINE-S02-PRE-20250922 | D12: SHIFT-PRE-20250922 | E12: LINE-S02 | F12: 改善前 | G12: 45922 | H12: 视觉设备系列 | I12: KK250 | J12: SETUPS-CHANGEOVERS | K12: Planned - Included in OEE | L12: EXTRUDER PRESS | M12: 主加工工位 | N12: MATERIAL CHANGEOVER | O12: 45922.757 | P12: 45922.764 | Q12: 10 | R12: 1.0427 | S12: 团队模拟数据（基于公开单线数据派生） | T12: SIM-v2.2-20260807-20260804 | U12: https://zenodo.org/records/17855209 | V12: LINE-S02-PRE-20250922 | W12: 已关联 | X12: 按班次口径判断 | Z12: 是 | AA12: =IFERROR(VLOOKUP(N12,'18_换产标准_模拟'!$B$2:$F$4,3,FALSE),"") | AB12: =IFERROR(MAX(Q12-AA12,0),"") | AC12: =IFERROR(IF(AB12=0,"达标",IF(AB12<=VLOOKUP(N12,'18_换产标准_模拟'!$B$2:$F$4,4,FALSE)-VLOOKUP(N12,'18_换产标准_模拟'!$B$2:$F$4,3,FALSE),"轻微超时",IF(AB12<=VLOOKUP(N12,'18_换产标准_模拟'!$B$2:$F$4,5,FALSE)-VLOOKUP(N12,'18_换产标准_模拟'!$B$2:$F$4,3,FALSE),"超时","严重超时"))),"") | AD12: =IFERROR(INDEX('18_换产标准_模拟'!$A$2:$A$4,MATCH(N12,'18_换产标准_模拟'!$B$2:$B$4,0)),"") | AE12: 团队模拟数据
A13: SIM-STOP-00012 | B13: STOP-PRE-00004 | C13: LINE-S03-PRE-20250922 | D13: SHIFT-PRE-20250922 | E13: LINE-S03 | F13: 改善前 | G13: 45922 | H13: 音频模组系列 | I13: KK250 | J13: SETUPS-CHANGEOVERS | K13: Planned - Included in OEE | L13: EXTRUDER PRESS | M13: 主加工工位 | N13: MATERIAL CHANGEOVER | O13: 45922.771 | P13: 45922.777 | Q13: 9.4 | R13: 0.9778 | S13: 团队模拟数据（基于公开单线数据派生） | T13: SIM-v2.2-20260807-20260804 | U13: https://zenodo.org/records/17855209 | V13: LINE-S03-PRE-20250922 | W13: 已关联 | X13: 按班次口径判断 | Z13: 是 | AA13: =IFERROR(VLOOKUP(N13,'18_换产标准_模拟'!$B$2:$F$4,3,FALSE),"") | AB13: =IFERROR(MAX(Q13-AA13,0),"") | AC13: =IFERROR(IF(AB13=0,"达标",IF(AB13<=VLOOKUP(N13,'18_换产标准_模拟'!$B$2:$F$4,4,FALSE)-VLOOKUP(N13,'18_换产标准_模拟'!$B$2:$F$4,3,FALSE),"轻微超时",IF(AB13<=VLOOKUP(N13,'18_换产标准_模拟'!$B$2:$F$4,5,FALSE)-VLOOKUP(N13,'18_换产标准_模拟'!$B$2:$F$4,3,FALSE),"超时","严重超时"))),"") | AD13: =IFERROR(INDEX('18_换产标准_模拟'!$A$2:$A$4,MATCH(N13,'18_换产标准_模拟'!$B$2:$B$4,0)),"") | AE13: 团队模拟数据
A14: SIM-STOP-00013 | B14: STOP-PRE-00005 | C14: LINE-S01-PRE-20250922 | D14: SHIFT-PRE-20250922 | E14: LINE-S01 | F14: 改善前 | G14: 45922 | H14: 智能终端系列 | I14: KK250 | J14: OPERATIONAL | K14: Planned - Included in OEE | L14: EXTRUDER PRESS | M14: 主加工工位 | N14: CLEANING | O14: 45922.804 | P14: 45922.812 | Q14: 11.5 | R14: 0.9604 | S14: 团队模拟数据（基于公开单线数据派生） | T14: SIM-v2.2-20260807-20260804 | U14: https://zenodo.org/records/17855209 | V14: LINE-S01-PRE-20250922 | W14: 已关联 | X14: 按班次口径判断 | Z14: 否
A15: SIM-STOP-00014 | B15: STOP-PRE-00005 | C15: LINE-S02-PRE-20250922 | D15: SHIFT-PRE-20250922 | E15: LINE-S02 | F15: 改善前 | G15: 45922 | H15: 视觉设备系列 | I15: KK250 | J15: OPERATIONAL | K15: Planned - Included in OEE | L15: EXTRUDER PRESS | M15: 主加工工位 | N15: CLEANING | O15: 45922.818 | P15: 45922.826 | Q15: 11.7 | R15: 0.9747 | S15: 团队模拟数据（基于公开单线数据派生） | T15: SIM-v2.2-20260807-20260804 | U15: https://zenodo.org/records/17855209 | V15: LINE-S02-PRE-20250922 | W15: 已关联 | X15: 按班次口径判断 | Z15: 否
A16: SIM-STOP-00015 | B16: STOP-PRE-00005 | C16: LINE-S03-PRE-20250922 | D16: SHIFT-PRE-20250922 | E16: LINE-S03 | F16: 改善前 | G16: 45922 | H16: 音频模组系列 | I16: KK250 | J16: OPERATIONAL | K16: Planned - Included in OEE | L16: EXTRUDER PRESS | M16: 主加工工位 | N16: CLEANING | O16: 45922.832 | P16: 45922.84 | Q16: 12.2 | R16: 1.0167 | S16: 团队模拟数据（基于公开单线数据派生） | T16: SIM-v2.2-20260807-20260804 | U16: https://zenodo.org/records/17855209 | V16: LINE-S03-PRE-20250922 | W16: 已关联 | X16: 按班次口径判断 | Z16: 否
A17: SIM-STOP-00016 | B17: STOP-PRE-00006 | C17: LINE-S01-PRE-20250923 | D17: SHIFT-PRE-20250923 | E17: LINE-S01 | F17: 改善前 | G17: 45923 | H17: 智能终端系列 | I17: KK250 | J17: MATERIALS | K17: Unplanned | L17: EXTRUDER PRESS | M17: 主加工工位 | N17: MANUAL BRICK HANDLING | O17: 45923.469 | P17: 45923.472 | Q17: 5.3 | R17: 0.9163 | S17: 团队模拟数据（基于公开单线数据派生） | T17: SIM-v2.2-20260807-20260804 | U17: https://zenodo.org/records/17855209 | V17: LINE-S01-PRE-20250923 | W17: 已关联 | X17: 按班次口径判断 | Z17: 否
A18: SIM-STOP-00017 | B18: STOP-PRE-00006 | C18: LINE-S02-PRE-20250923 | D18: SHIFT-PRE-20250923 | E18: LINE-S02 | F18: 改善前 | G18: 45923 | H18: 视觉设备系列 | I18: KK250 | J18: MATERIALS | K18: Unplanned | L18: EXTRUDER PRESS | M18: 主加工工位 | N18: MANUAL BRICK HANDLING | O18: 45923.483 | P18: 45923.489 | Q18: 9.7 | R18: 1.6781 | S18: 团队模拟数据（基于公开单线数据派生） | T18: SIM-v2.2-20260807-20260804 | U18: https://zenodo.org/records/17855209 | V18: LINE-S02-PRE-20250923 | W18: 已关联 | X18: 按班次口径判断 | Z18: 否
A19: SIM-STOP-00018 | B19: STOP-PRE-00006 | C19: LINE-S03-PRE-20250923 | D19: SHIFT-PRE-20250923 | E19: LINE-S03 | F19: 改善前 | G19: 45923 | H19: 音频模组系列 | I19: KK250 | J19: MATERIALS | K19: Unplanned | L19: EXTRUDER PRESS | M19: 主加工工位 | N19: MANUAL BRICK HANDLING | O19: 45923.497 | P19: 45923.501 | Q19: 6.2 | R19: 1.0613 | S19: 团队模拟数据（基于公开单线数据派生） | T19: SIM-v2.2-20260807-20260804 | U19: https://zenodo.org/records/17855209 | V19: LINE-S03-PRE-20250923 | W19: 已关联 | X19: 按班次口径判断 | Z19: 否
A20: SIM-STOP-00019 | B20: STOP-PRE-00007 | C20: LINE-S01-PRE-20250923 | D20: SHIFT-PRE-20250923 | E20: LINE-S01 | F20: 改善前 | G20: 45923 | H20: 智能终端系列 | I20: KK250 | J20: MATERIALS | K20: Unplanned | L20: SILO | M20: 供料系统 | N20: MATERIAL STARVATION | O20: 45923.488 | P20: 45923.492 | Q20: 5.5 | R20: 0.8575 | S20: 团队模拟数据（基于公开单线数据派生） | T20: SIM-v2.2-20260807-20260804 | U20: https://zenodo.org/records/17855209 | V20: LINE-S01-PRE-20250923 | W20: 已关联 | X20: 按班次口径判断 | Z20: 否
A21: SIM-STOP-00020 | B21: STOP-PRE-00007 | C21: LINE-S02-PRE-20250923 | D21: SHIFT-PRE-20250923 | E21: LINE-S02 | F21: 改善前 | G21: 45923 | H21: 视觉设备系列 | I21: KK250 | J21: MATERIALS | K21: Unplanned | L21: SILO | M21: 供料系统 | N21: MATERIAL STARVATION | O21: 45923.502 | P21: 45923.508 | Q21: 8.9 | R21: 1.395 | S21: 团队模拟数据（基于公开单线数据派生） | T21: SIM-v2.2-20260807-20260804 | U21: https://zenodo.org/records/17855209 | V21: LINE-S02-PRE-20250923 | W21: 已关联 | X21: 按班次口径判断 | Z21: 否
A22: SIM-STOP-00021 | B22: STOP-PRE-00007 | C22: LINE-S03-PRE-20250923 | D22: SHIFT-PRE-20250923 | E22: LINE-S03 | F22: 改善前 | G22: 45923 | H22: 音频模组系列 | I22: KK250 | J22: MATERIALS | K22: Unplanned | L22: SILO | M22: 供料系统 | N22: MATERIAL STARVATION | O22: 45923.516 | P22: 45923.521 | Q22: 7.1 | R22: 1.1048 | S22: 团队模拟数据（基于公开单线数据派生） | T22: SIM-v2.2-20260807-20260804 | U22: https://zenodo.org/records/17855209 | V22: LINE-S03-PRE-20250923 | W22: 已关联 | X22: 按班次口径判断 | Z22: 否
A23: SIM-STOP-00022 | B23: STOP-PRE-00008 | C23: LINE-S01-PRE-20250923 | D23: SHIFT-PRE-20250923 | E23: LINE-S01 | F23: 改善前 | G23: 45923 | H23: 智能终端系列 | I23: 7KK25 | J23: SETUPS-CHANGEOVERS | K23: Planned - Included in OEE | L23: EXTRUDER PRESS | M23: 主加工工位 | N23: MATERIAL CHANGEOVER | O23: 45923.565 | P23: 45923.572 | Q23: 10.3 | R23: 0.9711 | S23: 团队模拟数据（基于公开单线数据派生） | T23: SIM-v2.2-20260807-20260804 | U23: https://zenodo.org/records/17855209 | V23: LINE-S01-PRE-20250923 | W23: 已关联 | X23: 按班次口径判断 | Z23: 是 | AA23: =IFERROR(VLOOKUP(N23,'18_换产标准_模拟'!$B$2:$F$4,3,FALSE),"") | AB23: =IFERROR(MAX(Q23-AA23,0),"") | AC23: =IFERROR(IF(AB23=0,"达标",IF(AB23<=VLOOKUP(N23,'18_换产标准_模拟'!$B$2:$F$4,4,FALSE)-VLOOKUP(N23,'18_换产标准_模拟'!$B$2:$F$4,3,FALSE),"轻微超时",IF(AB23<=VLOOKUP(N23,'18_换产标准_模拟'!$B$2:$F$4,5,FALSE)-VLOOKUP(N23,'18_换产标准_模拟'!$B$2:$F$4,3,FALSE),"超时","严重超时"))),"") | AD23: =IFERROR(INDEX('18_换产标准_模拟'!$A$2:$A$4,MATCH(N23,'18_换产标准_模拟'!$B$2:$B$4,0)),"") | AE23: 团队模拟数据
A24: SIM-STOP-00023 | B24: STOP-PRE-00008 | C24: LINE-S02-PRE-20250923 | D24: SHIFT-PRE-20250923 | E24: LINE-S02 | F24: 改善前 | G24: 45923 | H24: 视觉设备系列 | I24: 7KK25 | J24: SETUPS-CHANGEOVERS | K24: Planned - Included in OEE | L24: EXTRUDER PRESS | M24: 主加工工位 | N24: MATERIAL CHANGEOVER | O24: 45923.578 | P24: 45923.586 | Q24: 10.5 | R24: 0.986 | S24: 团队模拟数据（基于公开单线数据派生） | T24: SIM-v2.2-20260807-20260804 | U24: https://zenodo.org/records/17855209 | V24: LINE-S02-PRE-20250923 | W24: 已关联 | X24: 按班次口径判断 | Z24: 是 | AA24: =IFERROR(VLOOKUP(N24,'18_换产标准_模拟'!$B$2:$F$4,3,FALSE),"") | AB24: =IFERROR(MAX(Q24-AA24,0),"") | AC24: =IFERROR(IF(AB24=0,"达标",IF(AB24<=VLOOKUP(N24,'18_换产标准_模拟'!$B$2:$F$4,4,FALSE)-VLOOKUP(N24,'18_换产标准_模拟'!$B$2:$F$4,3,FALSE),"轻微超时",IF(AB24<=VLOOKUP(N24,'18_换产标准_模拟'!$B$2:$F$4,5,FALSE)-VLOOKUP(N24,'18_换产标准_模拟'!$B$2:$F$4,3,FALSE),"超时","严重超时"))),"") | AD24: =IFERROR(INDEX('18_换产标准_模拟'!$A$2:$A$4,MATCH(N24,'18_换产标准_模拟'!$B$2:$B$4,0)),"") | AE24: 团队模拟数据
A25: SIM-STOP-00024 | B25: STOP-PRE-00008 | C25: LINE-S03-PRE-20250923 | D25: SHIFT-PRE-20250923 | E25: LINE-S03 | F25: 改善前 | G25: 45923 | H25: 音频模组系列 | I25: 7KK25 | J25: SETUPS-CHANGEOVERS | K25: Planned - Included in OEE | L25: EXTRUDER PRESS | M25: 主加工工位 | N25: MATERIAL CHANGEOVER | O25: 45923.592 | P25: 45923.6 | Q25: 10.9 | R25: 1.0278 | S25: 团队模拟数据（基于公开单线数据派生） | T25: SIM-v2.2-20260807-20260804 | U25: https://zenodo.org/records/17855209 | V25: LINE-S03-PRE-20250923 | W25: 已关联 | X25: 按班次口径判断 | Z25: 是 | AA25: =IFERROR(VLOOKUP(N25,'18_换产标准_模拟'!$B$2:$F$4,3,FALSE),"") | AB25: =IFERROR(MAX(Q25-AA25,0),"") | AC25: =IFERROR(IF(AB25=0,"达标",IF(AB25<=VLOOKUP(N25,'18_换产标准_模拟'!$B$2:$F$4,4,FALSE)-VLOOKUP(N25,'18_换产标准_模拟'!$B$2:$F$4,3,FALSE),"轻微超时",IF(AB25<=VLOOKUP(N25,'18_换产标准_模拟'!$B$2:$F$4,5,FALSE)-VLOOKUP(N25,'18_换产标准_模拟'!$B$2:$F$4,3,FALSE),"超时","严重超时"))),"") | AD25: =IFERROR(INDEX('18_换产标准_模拟'!$A$2:$A$4,MATCH(N25,'18_换产标准_模拟'!$B$2:$B$4,0)),"") | AE25: 团队模拟数据
A26: SIM-STOP-00025 | B26: STOP-PRE-00009 | C26: LINE-S01-PRE-20250923 | D26: SHIFT-PRE-20250923 | E26: LINE-S01 | F26: 改善前 | G26: 45923 | H26: 智能终端系列 | I26: 7KK25 | J26: MATERIALS | K26: Unplanned | L26: HACKING STATION | M26: 上下料工位 | N26: MANUAL BRICK HANDLING | O26: 45923.612 | P26: 45923.639 | Q26: 38.8 | R26: 0.9261 | S26: 团队模拟数据（基于公开单线数据派生） | T26: SIM-v2.2-20260807-20260804 | U26: https://zenodo.org/records/17855209 | V26: LINE-S01-PRE-20250923 | W26: 已关联 | X26: 按班次口径判断 | Z26: 否
A27: SIM-STOP-00026 | B27: STOP-PRE-00009 | C27: LINE-S02-PRE-20250923 | D27: SHIFT-PRE-20250923 | E27: LINE-S02 | F27: 改善前 | G27: 45923 | H27: 视觉设备系列 | I27: 7KK25 | J27: MATERIALS | K27: Unplanned | L27: HACKING STATION | M27: 上下料工位 | N27: MANUAL BRICK HANDLING | O27: 45923.626 | P27: 45923.665 | Q27: 56.9 | R27: 1.3575 | S27: 团队模拟数据（基于公开单线数据派生） | T27: SIM-v2.2-20260807-20260804 | U27: https://zenodo.org/records/17855209 | V27: LINE-S02-PRE-20250923 | W27: 已关联 | X27: 按班次口径判断 | Z27: 否
A28: SIM-STOP-00027 | B28: STOP-PRE-00009 | C28: LINE-S03-PRE-20250923 | D28: SHIFT-PRE-20250923 | E28: LINE-S03 | F28: 改善前 | G28: 45923 | H28: 音频模组系列 | I28: 7KK25 | J28: MATERIALS | K28: Unplanned | L28: HACKING STATION | M28: 上下料工位 | N28: MANUAL BRICK HANDLING | O28: 45923.64 | P28: 45923.671 | Q28: 45 | R28: 1.0738 | S28: 团队模拟数据（基于公开单线数据派生） | T28: SIM-v2.2-20260807-20260804 | U28: https://zenodo.org/records/17855209 | V28: LINE-S03-PRE-20250923 | W28: 已关联 | X28: 按班次口径判断 | Z28: 否
A29: SIM-STOP-00028 | B29: STOP-PRE-00010 | C29: LINE-S01-PRE-20250923 | D29: SHIFT-PRE-20250923 | E29: LINE-S01 | F29: 改善前 | G29: 45923 | H29: 智能终端系列 | I29: 7KK25 | J29: FAILURE | K29: Unplanned | L29: HACKING STATION | M29: 上下料工位 | N29: MECHANICAL FAILURE | O29: 45923.647 | P29: 45923.651 | Q29: 5.7 | R29: 0.8673 | S29: 团队模拟数据（基于公开单线数据派生） | T29: SIM-v2.2-20260807-20260804 | U29: https://zenodo.org/records/17855209 | V29: LINE-S01-PRE-20250923 | W29: 已关联 | X29: 按班次口径判断 | Z29: 否
A30: SIM-STOP-00029 | B30: STOP-PRE-00010 | C30: LINE-S02-PRE-20250923 | D30: SHIFT-PRE-20250923 | E30: LINE-S02 | F30: 改善前 | G30: 45923 | H30: 视觉设备系列 | I30: 7KK25 | J30: FAILURE | K30: Unplanned | L30: HACKING STATION | M30: 上下料工位 | N30: MECHANICAL FAILURE | O30: 45923.661 | P30: 45923.668 | Q30: 9.3 | R30: 1.41 | S30: 团队模拟数据（基于公开单线数据派生） | T30: SIM-v2.2-20260807-20260804 | U30: https://zenodo.org/records/17855209 | V30: LINE-S02-PRE-20250923 | W30: 已关联 | X30: 按班次口径判断 | Z30: 否
A31: SIM-STOP-00030 | B31: STOP-PRE-00010 | C31: LINE-S03-PRE-20250923 | D31: SHIFT-PRE-20250923 | E31: LINE-S03 | F31: 改善前 | G31: 45923 | H31: 音频模组系列 | I31: 7KK25 | J31: FAILURE | K31: Unplanned | L31: HACKING STATION | M31: 上下料工位 | N31: MECHANICAL FAILURE | O31: 45923.675 | P31: 45923.68 | Q31: 7.4 | R31: 1.1172 | S31: 团队模拟数据（基于公开单线数据派生） | T31: SIM-v2.2-20260807-20260804 | U31: https://zenodo.org/records/17855209 | V31: LINE-S03-PRE-20250923 | W31: 已关联 | X31: 按班次口径判断 | Z31: 否
A32: SIM-STOP-00031 | B32: STOP-PRE-00011 | C32: LINE-S01-PRE-20250923 | D32: SHIFT-PRE-20250923 | E32: LINE-S01 | F32: 改善前 | G32: 45923 | H32: 智能终端系列 | I32: 7KK25 | J32: MATERIALS | K32: Unplanned | L32: HACKING STATION | M32: 上下料工位 | N32: RACKS | O32: 45923.654 | P32: 45923.657 | Q32: 3.9 | R32: 0.9016 | S32: 团队模拟数据（基于公开单线数据派生） | T32: SIM-v2.2-20260807-20260804 | U32: https://zenodo.org/records/17855209 | V32: LINE-S01-PRE-20250923 | W32: 已关联 | X32: 按班次口径判断 | Z32: 否
A33: SIM-STOP-00032 | B33: STOP-PRE-00011 | C33: LINE-S02-PRE-20250923 | D33: SHIFT-PRE-20250923 | E33: LINE-S02 | F33: 改善前 | G33: 45923 | H33: 视觉设备系列 | I33: 7KK25 | J33: MATERIALS | K33: Unplanned | L33: HACKING STATION | M33: 上下料工位 | N33: RACKS | O33: 45923.668 | P33: 45923.672 | Q33: 5.7 | R33: 1.32 | S33: 团队模拟数据（基于公开单线数据派生） | T33: SIM-v2.2-20260807-20260804 | U33: https://zenodo.org/records/17855209 | V33: LINE-S02-PRE-20250923 | W33: 已关联 | X33: 按班次口径判断 | Z33: 否
A34: SIM-STOP-00033 | B34: STOP-PRE-00011 | C34: LINE-S03-PRE-20250923 | D34: SHIFT-PRE-20250923 | E34: LINE-S03 | F34: 改善前 | G34: 45923 | H34: 音频模组系列 | I34: 7KK25 | J34: MATERIALS | K34: Unplanned | L34: HACKING STATION | M34: 上下料工位 | N34: RACKS | O34: 45923.682 | P34: 45923.685 | Q34: 5 | R34: 1.1606 | S34: 团队模拟数据（基于公开单线数据派生） | T34: SIM-v2.2-20260807-20260804 | U34: https://zenodo.org/records/17855209 | V34: LINE-S03-PRE-20250923 | W34: 已关联 | X34: 按班次口径判断 | Z34: 否
A35: SIM-STOP-00034 | B35: STOP-PRE-00012 | C35: LINE-S01-PRE-20250923 | D35: SHIFT-PRE-20250923 | E35: LINE-S01 | F35: 改善前 | G35: 45923 | H35: 智能终端系列 | I35: 7KK25 | J35: MATERIALS | K35: Unplanned | L35: HACKING STATION | M35: 上下料工位 | N35: RACKS | O35: 45923.664 | P35: 45923.668 | Q35: 5.5 | R35: 0.8428 | S35: 团队模拟数据（基于公开单线数据派生） | T35: SIM-v2.2-20260807-20260804 | U35: https://zenodo.org/records/17855209 | V35: LINE-S01-PRE-20250923 | W35: 已关联 | X35: 按班次口径判断 | Z35: 否
A36: SIM-STOP-00035 | B36: STOP-PRE-00012 | C36: LINE-S02-PRE-20250923 | D36: SHIFT-PRE-20250923 | E36: LINE-S02 | F36: 改善前 | G36: 45923 | H36: 视觉设备系列 | I36: 7KK25 | J36: MATERIALS | K36: Unplanned | L36: HACKING STATION | M36: 上下料工位 | N36: RACKS | O36: 45923.678 | P36: 45923.684 | Q36: 8.9 | R36: 1.3725 | S36: 团队模拟数据（基于公开单线数据派生） | T36: SIM-v2.2-20260807-20260804 | U36: https://zenodo.org/records/17855209 | V36: LINE-S02-PRE-20250923 | W36: 已关联 | X36: 按班次口径判断 | Z36: 否
A37: SIM-STOP-00036 | B37: STOP-PRE-00012 | C37: LINE-S03-PRE-20250923 | D37: SHIFT-PRE-20250923 | E37: LINE-S03 | F37: 改善前 | G37: 45923 | H37: 音频模组系列 | I37: 7KK25 | J37: MATERIALS | K37: Unplanned | L37: HACKING STATION | M37: 上下料工位 | N37: RACKS | O37: 45923.692 | P37: 45923.697 | Q37: 7.1 | R37: 1.0862 | S37: 团队模拟数据（基于公开单线数据派生） | T37: SIM-v2.2-20260807-20260804 | U37: https://zenodo.org/records/17855209 | V37: LINE-S03-PRE-20250923 | W37: 已关联 | X37: 按班次口径判断 | Z37: 否
... A67: SIM-STOP-00066 | B67: STOP-PRE-00022 | C67: LINE-S03-PRE-20250924 | D67: SHIFT-PRE-20250924 | E67: LINE-S03 | F67: 改善前 | G67: 45924 | H67: 音频模组系列 | I67: 7KK25 | J67: MATERIALS | K67: Unplanned | L67: HACKING STATION | M67: 上下料工位 | N67: KILN CAR STARVATION | O67: 45924.625 | P67: 45924.637 | Q67: 18 | R67: 1.1669 | S67: 团队模拟数据（基于公开单线数据派生） | T67: SIM-v2.2-20260807-20260804 | U67: https://zenodo.org/records/17855209 | V67: LINE-S03-PRE-20250924 | W67: 已关联 | X67: 按班次口径判断 | Z67: 否
A68: SIM-STOP-00067 | B68: STOP-PRE-00023 | C68: LINE-S01-PRE-20250924 | D68: SHIFT-PRE-20250924 | E68: LINE-S01 | F68: 改善前 | G68: 45924 | H68: 智能终端系列 | I68: 9KK30 | J68: SETUPS-CHANGEOVERS | K68: Planned - Included in OEE | L68: EXTRUDER PRESS | M68: 主加工工位 | N68: MATERIAL CHANGEOVER | O68: 45924.622 | P68: 45924.629 | Q68: 10.4 | R68: 0.9231 | S68: 团队模拟数据（基于公开单线数据派生） | T68: SIM-v2.2-20260807-20260804 | U68: https://zenodo.org/records/17855209 | V68: LINE-S01-PRE-20250924 | W68: 已关联 | X68: 按班次口径判断 | Z68: 是 | AA68: =IFERROR(VLOOKUP(N68,'18_换产标准_模拟'!$B$2:$F$4,3,FALSE),"") | AB68: =IFERROR(MAX(Q68-AA68,0),"") | AC68: =IFERROR(IF(AB68=0,"达标",IF(AB68<=VLOOKUP(N68,'18_换产标准_模拟'!$B$2:$F$4,4,FALSE)-VLOOKUP(N68,'18_换产标准_模拟'!$B$2:$F$4,3,FALSE),"轻微超时",IF(AB68<=VLOOKUP(N68,'18_换产标准_模拟'!$B$2:$F$4,5,FALSE)-VLOOKUP(N68,'18_换产标准_模拟'!$B$2:$F$4,3,FALSE),"超时","严重超时"))),"") | AD68: =IFERROR(INDEX('18_换产标准_模拟'!$A$2:$A$4,MATCH(N68,'18_换产标准_模拟'!$B$2:$B$4,0)),"") | AE68: 团队模拟数据
A69: SIM-STOP-00068 | B69: STOP-PRE-00023 | C69: LINE-S02-PRE-20250924 | D69: SHIFT-PRE-20250924 | E69: LINE-S02 | F69: 改善前 | G69: 45924 | H69: 视觉设备系列 | I69: 9KK30 | J69: SETUPS-CHANGEOVERS | K69: Planned - Included in OEE | L69: EXTRUDER PRESS | M69: 主加工工位 | N69: MATERIAL CHANGEOVER | O69: 45924.635 | P69: 45924.644 | Q69: 11.8 | R69: 1.0427 | S69: 团队模拟数据（基于公开单线数据派生） | T69: SIM-v2.2-20260807-20260804 | U69: https://zenodo.org/records/17855209 | V69: LINE-S02-PRE-20250924 | W69: 已关联 | X69: 按班次口径判断 | Z69: 是 | AA69: =IFERROR(VLOOKUP(N69,'18_换产标准_模拟'!$B$2:$F$4,3,FALSE),"") | AB69: =IFERROR(MAX(Q69-AA69,0),"") | AC69: =IFERROR(IF(AB69=0,"达标",IF(AB69<=VLOOKUP(N69,'18_换产标准_模拟'!$B$2:$F$4,4,FALSE)-VLOOKUP(N69,'18_换产标准_模拟'!$B$2:$F$4,3,FALSE),"轻微超时",IF(AB69<=VLOOKUP(N69,'18_换产标准_模拟'!$B$2:$F$4,5,FALSE)-VLOOKUP(N69,'18_换产标准_模拟'!$B$2:$F$4,3,FALSE),"超时","严重超时"))),"") | AD69: =IFERROR(INDEX('18_换产标准_模拟'!$A$2:$A$4,MATCH(N69,'18_换产标准_模拟'!$B$2:$B$4,0)),"") | AE69: 团队模拟数据
A70: SIM-STOP-00069 | B70: STOP-PRE-00023 | C70: LINE-S03-PRE-20250924 | D70: SHIFT-PRE-20250924 | E70: LINE-S03 | F70: 改善前 | G70: 45924 | H70: 音频模组系列 | I70: 9KK30 | J70: SETUPS-CHANGEOVERS | K70: Planned - Included in OEE | L70: EXTRUDER PRESS | M70: 主加工工位 | N70: MATERIAL CHANGEOVER | O70: 45924.649 | P70: 45924.657 | Q70: 11 | R70: 0.9778 | S70: 团队模拟数据（基于公开单线数据派生） | T70: SIM-v2.2-20260807-20260804 | U70: https://zenodo.org/records/17855209 | V70: LINE-S03-PRE-20250924 | W70: 已关联 | X70: 按班次口径判断 | Z70: 是 | AA70: =IFERROR(VLOOKUP(N70,'18_换产标准_模拟'!$B$2:$F$4,3,FALSE),"") | AB70: =IFERROR(MAX(Q70-AA70,0),"") | AC70: =IFERROR(IF(AB70=0,"达标",IF(AB70<=VLOOKUP(N70,'18_换产标准_模拟'!$B$2:$F$4,4,FALSE)-VLOOKUP(N70,'18_换产标准_模拟'!$B$2:$F$4,3,FALSE),"轻微超时",IF(AB70<=VLOOKUP(N70,'18_换产标准_模拟'!$B$2:$F$4,5,FALSE)-VLOOKUP(N70,'18_换产标准_模拟'!$B$2:$F$4,3,FALSE),"超时","严重超时"))),"") | AD70: =IFERROR(INDEX('18_换产标准_模拟'!$A$2:$A$4,MATCH(N70,'18_换产标准_模拟'!$B$2:$B$4,0)),"") | AE70: 团队模拟数据
A71: SIM-STOP-00070 | B71: STOP-PRE-00024 | C71: LINE-S01-PRE-20250924 | D71: SHIFT-PRE-20250924 | E71: LINE-S01 | F71: 改善前 | G71: 45924 | H71: 智能终端系列 | I71: 9KK30 | J71: FAILURE | K71: Unplanned | L71: CUTTER | M71: 切割/分板工位 | N71: MECHANICAL FAILURE | O71: 45924.717 | P71: 45924.721 | Q71: 5.9 | R71: 0.882 | S71: 团队模拟数据（基于公开单线数据派生） | T71: SIM-v2.2-20260807-20260804 | U71: https://zenodo.org/records/17855209 | V71: LINE-S01-PRE-20250924 | W71: 已关联 | X71: 按班次口径判断 | Z71: 否
A72: SIM-STOP-00071 | B72: STOP-PRE-00024 | C72: LINE-S02-PRE-20250924 | D72: SHIFT-PRE-20250924 | E72: LINE-S02 | F72: 改善前 | G72: 45924 | H72: 视觉设备系列 | I72: 9KK30 | J72: FAILURE | K72: Unplanned | L72: CUTTER | M72: 切割/分板工位 | N72: MECHANICAL FAILURE | O72: 45924.731 | P72: 45924.738 | Q72: 10.8 | R72: 1.6125 | S72: 团队模拟数据（基于公开单线数据派生） | T72: SIM-v2.2-20260807-20260804 | U72: https://zenodo.org/records/17855209 | V72: LINE-S02-PRE-20250924 | W72: 已关联 | X72: 按班次口径判断 | Z72: 否
A73: SIM-STOP-00072 | B73: STOP-PRE-00024 | C73: LINE-S03-PRE-20250924 | D73: SHIFT-PRE-20250924 | E73: LINE-S03 | F73: 改善前 | G73: 45924 | H73: 音频模组系列 | I73: 9KK30 | J73: FAILURE | K73: Unplanned | L73: CUTTER | M73: 切割/分板工位 | N73: MECHANICAL FAILURE | O73: 45924.744 | P73: 45924.749 | Q73: 6.7 | R73: 0.9963 | S73: 团队模拟数据（基于公开单线数据派生） | T73: SIM-v2.2-20260807-20260804 | U73: https://zenodo.org/records/17855209 | V73: LINE-S03-PRE-20250924 | W73: 已关联 | X73: 按班次口径判断 | Z73: 否
A74: SIM-STOP-00073 | B74: STOP-PRE-00025 | C74: LINE-S01-PRE-20250924 | D74: SHIFT-PRE-20250924 | E74: LINE-S01 | F74: 改善前 | G74: 45924 | H74: 智能终端系列 | I74: 9KK30 | J74: OPERATIONAL | K74: Planned - Included in OEE | L74: EXTRUDER PRESS | M74: 主加工工位 | N74: CLEANING | O74: 45924.776 | P74: 45924.799 | Q74: 32.8 | R74: 0.9977 | S74: 团队模拟数据（基于公开单线数据派生） | T74: SIM-v2.2-20260807-20260804 | U74: https://zenodo.org/records/17855209 | V74: LINE-S01-PRE-20250924 | W74: 已关联 | X74: 按班次口径判断 | Z74: 否
A75: SIM-STOP-00074 | B75: STOP-PRE-00025 | C75: LINE-S02-PRE-20250924 | D75: SHIFT-PRE-20250924 | E75: LINE-S02 | F75: 改善前 | G75: 45924 | H75: 视觉设备系列 | I75: 9KK30 | J75: OPERATIONAL | K75: Planned - Included in OEE | L75: EXTRUDER PRESS | M75: 主加工工位 | N75: CLEANING | O75: 45924.79 | P75: 45924.813 | Q75: 33.4 | R75: 1.0143 | S75: 团队模拟数据（基于公开单线数据派生） | T75: SIM-v2.2-20260807-20260804 | U75: https://zenodo.org/records/17855209 | V75: LINE-S02-PRE-20250924 | W75: 已关联 | X75: 按班次口径判断 | Z75: 否
A76: SIM-STOP-00075 | B76: STOP-PRE-00025 | C76: LINE-S03-PRE-20250924 | D76: SHIFT-PRE-20250924 | E76: LINE-S03 | F76: 改善前 | G76: 45924 | H76: 音频模组系列 | I76: 9KK30 | J76: OPERATIONAL | K76: Planned - Included in OEE | L76: EXTRUDER PRESS | M76: 主加工工位 | N76: CLEANING | O76: 45924.804 | P76: 45924.826 | Q76: 31.3 | R76: 0.95 | S76: 团队模拟数据（基于公开单线数据派生） | T76: SIM-v2.2-20260807-20260804 | U76: https://zenodo.org/records/17855209 | V76: LINE-S03-PRE-20250924 | W76: 已关联 | X76: 按班次口径判断 | Z76: 否
A77: SIM-STOP-00076 | B77: STOP-PRE-00026 | C77: LINE-S01-PRE-20250924 | D77: SHIFT-PRE-20250924 | E77: LINE-S01 | F77: 改善前 | G77: 45924 | H77: 智能终端系列 | I77: 9KK30 | J77: OPERATIONAL | K77: Planned - Included in OEE | L77: ROBOT (EXTRUDER PRESS) | M77: 主加工工位 | N77: CLEANING | O77: 45924.799 | P77: 45924.802 | Q77: 3.7 | R77: 0.9337 | S77: 团队模拟数据（基于公开单线数据派生） | T77: SIM-v2.2-20260807-20260804 | U77: https://zenodo.org/records/17855209 | V77: LINE-S01-PRE-20250924 | W77: 已关联 | X77: 按班次口径判断 | Z77: 否
A78: SIM-STOP-00077 | B78: STOP-PRE-00026 | C78: LINE-S02-PRE-20250924 | D78: SHIFT-PRE-20250924 | E78: LINE-S02 | F78: 改善前 | G78: 45924 | H78: 视觉设备系列 | I78: 9KK30 | J78: OPERATIONAL | K78: Planned - Included in OEE | L78: ROBOT (EXTRUDER PRESS) | M78: 主加工工位 | N78: CLEANING | O78: 45924.813 | P78: 45924.816 | Q78: 4.2 | R78: 1.054 | S78: 团队模拟数据（基于公开单线数据派生） | T78: SIM-v2.2-20260807-20260804 | U78: https://zenodo.org/records/17855209 | V78: LINE-S02-PRE-20250924 | W78: 已关联 | X78: 按班次口径判断 | Z78: 否
A79: SIM-STOP-00078 | B79: STOP-PRE-00026 | C79: LINE-S03-PRE-20250924 | D79: SHIFT-PRE-20250924 | E79: LINE-S03 | F79: 改善前 | G79: 45924 | H79: 音频模组系列 | I79: 9KK30 | J79: OPERATIONAL | K79: Planned - Included in OEE | L79: ROBOT (EXTRUDER PRESS) | M79: 主加工工位 | N79: CLEANING | O79: 45924.827 | P79: 45924.83 | Q79: 4 | R79: 0.9889 | S79: 团队模拟数据（基于公开单线数据派生） | T79: SIM-v2.2-20260807-20260804 | U79: https://zenodo.org/records/17855209 | V79: LINE-S03-PRE-20250924 | W79: 已关联 | X79: 按班次口径判断 | Z79: 否
A80: SIM-STOP-00079 | B80: STOP-PRE-00027 | C80: LINE-S01-PRE-20250925 | D80: SHIFT-PRE-20250925 | E80: LINE-S01 | F80: 改善前 | G80: 45925 | H80: 智能终端系列 | I80: 9KK30 | J80: OPERATIONAL | K80: Planned - Included in OEE | L80: EXTRUDER PRESS | M80: 主加工工位 | N80: CLEANING | O80: 45925.469 | P80: 45925.472 | Q80: 4.3 | R80: 0.9711 | S80: 团队模拟数据（基于公开单线数据派生） | T80: SIM-v2.2-20260807-20260804 | U80: https://zenodo.org/records/17855209 | V80: LINE-S01-PRE-20250925 | W80: 已关联 | X80: 按班次口径判断 | Z80: 否
A81: SIM-STOP-00080 | B81: STOP-PRE-00027 | C81: LINE-S02-PRE-20250925 | D81: SHIFT-PRE-20250925 | E81: LINE-S02 | F81: 改善前 | G81: 45925 | H81: 视觉设备系列 | I81: 9KK30 | J81: OPERATIONAL | K81: Planned - Included in OEE | L81: EXTRUDER PRESS | M81: 主加工工位 | N81: CLEANING | O81: 45925.483 | P81: 45925.486 | Q81: 4.3 | R81: 0.986 | S81: 团队模拟数据（基于公开单线数据派生） | T81: SIM-v2.2-20260807-20260804 | U81: https://zenodo.org/records/17855209 | V81: LINE-S02-PRE-20250925 | W81: 已关联 | X81: 按班次口径判断 | Z81: 否
A82: SIM-STOP-00081 | B82: STOP-PRE-00027 | C82: LINE-S03-PRE-20250925 | D82: SHIFT-PRE-20250925 | E82: LINE-S03 | F82: 改善前 | G82: 45925 | H82: 音频模组系列 | I82: 9KK30 | J82: OPERATIONAL | K82: Planned - Included in OEE | L82: EXTRUDER PRESS | M82: 主加工工位 | N82: CLEANING | O82: 45925.497 | P82: 45925.5 | Q82: 4.5 | R82: 1.0278 | S82: 团队模拟数据（基于公开单线数据派生） | T82: SIM-v2.2-20260807-20260804 | U82: https://zenodo.org/records/17855209 | V82: LINE-S03-PRE-20250925 | W82: 已关联 | X82: 按班次口径判断 | Z82: 否
A83: SIM-STOP-00082 | B83: STOP-PRE-00028 | C83: LINE-S01-PRE-20250925 | D83: SHIFT-PRE-20250925 | E83: LINE-S01 | F83: 改善前 | G83: 45925 | H83: 智能终端系列 | I83: 9KK25 | J83: SETUPS-CHANGEOVERS | K83: Planned - Included in OEE | L83: EXTRUDER PRESS | M83: 主加工工位 | N83: MATERIAL CHANGEOVER | O83: 45925.501 | P83: 45925.514 | Q83: 18.7 | R83: 1.0084 | S83: 团队模拟数据（基于公开单线数据派生） | T83: SIM-v2.2-20260807-20260804 | U83: https://zenodo.org/records/17855209 | V83: LINE-S01-PRE-20250925 | W83: 已关联 | X83: 按班次口径判断 | Z83: 是 | AA83: =IFERROR(VLOOKUP(N83,'18_换产标准_模拟'!$B$2:$F$4,3,FALSE),"") | AB83: =IFERROR(MAX(Q83-AA83,0),"") | AC83: =IFERROR(IF(AB83=0,"达标",IF(AB83<=VLOOKUP(N83,'18_换产标准_模拟'!$B$2:$F$4,4,FALSE)-VLOOKUP(N83,'18_换产标准_模拟'!$B$2:$F$4,3,FALSE),"轻微超时",IF(AB83<=VLOOKUP(N83,'18_换产标准_模拟'!$B$2:$F$4,5,FALSE)-VLOOKUP(N83,'18_换产标准_模拟'!$B$2:$F$4,3,FALSE),"超时","严重超时"))),"") | AD83: =IFERROR(INDEX('18_换产标准_模拟'!$A$2:$A$4,MATCH(N83,'18_换产标准_模拟'!$B$2:$B$4,0)),"") | AE83: 团队模拟数据
A84: SIM-STOP-00083 | B84: STOP-PRE-00028 | C84: LINE-S02-PRE-20250925 | D84: SHIFT-PRE-20250925 | E84: LINE-S02 | F84: 改善前 | G84: 45925 | H84: 视觉设备系列 | I84: 9KK25 | J84: SETUPS-CHANGEOVERS | K84: Planned - Included in OEE | L84: EXTRUDER PRESS | M84: 主加工工位 | N84: MATERIAL CHANGEOVER | O84: 45925.515 | P84: 45925.528 | Q84: 19 | R84: 1.0257 | S84: 团队模拟数据（基于公开单线数据派生） | T84: SIM-v2.2-20260807-20260804 | U84: https://zenodo.org/records/17855209 | V84: LINE-S02-PRE-20250925 | W84: 已关联 | X84: 按班次口径判断 | Z84: 是 | AA84: =IFERROR(VLOOKUP(N84,'18_换产标准_模拟'!$B$2:$F$4,3,FALSE),"") | AB84: =IFERROR(MAX(Q84-AA84,0),"") | AC84: =IFERROR(IF(AB84=0,"达标",IF(AB84<=VLOOKUP(N84,'18_换产标准_模拟'!$B$2:$F$4,4,FALSE)-VLOOKUP(N84,'18_换产标准_模拟'!$B$2:$F$4,3,FALSE),"轻微超时",IF(AB84<=VLOOKUP(N84,'18_换产标准_模拟'!$B$2:$F$4,5,FALSE)-VLOOKUP(N84,'18_换产标准_模拟'!$B$2:$F$4,3,FALSE),"超时","严重超时"))),"") | AD84: =IFERROR(INDEX('18_换产标准_模拟'!$A$2:$A$4,MATCH(N84,'18_换产标准_模拟'!$B$2:$B$4,0)),"") | AE84: 团队模拟数据
A85: SIM-STOP-00084 | B85: STOP-PRE-00028 | C85: LINE-S03-PRE-20250925 | D85: SHIFT-PRE-20250925 | E85: LINE-S03 | F85: 改善前 | G85: 45925 | H85: 音频模组系列 | I85: 9KK25 | J85: SETUPS-CHANGEOVERS | K85: Planned - Included in OEE | L85: EXTRUDER PRESS | M85: 主加工工位 | N85: MATERIAL CHANGEOVER | O85: 45925.529 | P85: 45925.542 | Q85: 17.8 | R85: 0.9611 | S85: 团队模拟数据（基于公开单线数据派生） | T85: SIM-v2.2-20260807-20260804 | U85: https://zenodo.org/records/17855209 | V85: LINE-S03-PRE-20250925 | W85: 已关联 | X85: 按班次口径判断 | Z85: 是 | AA85: =IFERROR(VLOOKUP(N85,'18_换产标准_模拟'!$B$2:$F$4,3,FALSE),"") | AB85: =IFERROR(MAX(Q85-AA85,0),"") | AC85: =IFERROR(IF(AB85=0,"达标",IF(AB85<=VLOOKUP(N85,'18_换产标准_模拟'!$B$2:$F$4,4,FALSE)-VLOOKUP(N85,'18_换产标准_模拟'!$B$2:$F$4,3,FALSE),"轻微超时",IF(AB85<=VLOOKUP(N85,'18_换产标准_模拟'!$B$2:$F$4,5,FALSE)-VLOOKUP(N85,'18_换产标准_模拟'!$B$2:$F$4,3,FALSE),"超时","严重超时"))),"") | AD85: =IFERROR(INDEX('18_换产标准_模拟'!$A$2:$A$4,MATCH(N85,'18_换产标准_模拟'!$B$2:$B$4,0)),"") | AE85: 团队模拟数据
A86: SIM-STOP-00085 | B86: STOP-PRE-00029 | C86: LINE-S01-PRE-20250925 | D86: SHIFT-PRE-20250925 | E86: LINE-S01 | F86: 改善前 | G86: 45925 | H86: 智能终端系列 | I86: 9KK25 | J86: MATERIALS | K86: Unplanned | L86: DRYER | M86: 烘干/固化工位 | N86: RACK STARVATION | O86: 45925.54 | P86: 45925.547 | Q86: 9.5 | R86: 0.8673 | S86: 团队模拟数据（基于公开单线数据派生） | T86: SIM-v2.2-20260807-20260804 | U86: https://zenodo.org/records/17855209 | V86: LINE-S01-PRE-20250925 | W86: 已关联 | X86: 按班次口径判断 | Z86: 否
A87: SIM-STOP-00086 | B87: STOP-PRE-00029 | C87: LINE-S02-PRE-20250925 | D87: SHIFT-PRE-20250925 | E87: LINE-S02 | F87: 改善前 | G87: 45925 | H87: 视觉设备系列 | I87: 9KK25 | J87: MATERIALS | K87: Unplanned | L87: DRYER | M87: 烘干/固化工位 | N87: RACK STARVATION | O87: 45925.554 | P87: 45925.565 | Q87: 15.4 | R87: 1.41 | S87: 团队模拟数据（基于公开单线数据派生） | T87: SIM-v2.2-20260807-20260804 | U87: https://zenodo.org/records/17855209 | V87: LINE-S02-PRE-20250925 | W87: 已关联 | X87: 按班次口径判断 | Z87: 否
A88: SIM-STOP-00087 | B88: STOP-PRE-00029 | C88: LINE-S03-PRE-20250925 | D88: SHIFT-PRE-20250925 | E88: LINE-S03 | F88: 改善前 | G88: 45925 | H88: 音频模组系列 | I88: 9KK25 | J88: MATERIALS | K88: Unplanned | L88: DRYER | M88: 烘干/固化工位 | N88: RACK STARVATION | O88: 45925.568 | P88: 45925.577 | Q88: 12.2 | R88: 1.1172 | S88: 团队模拟数据（基于公开单线数据派生） | T88: SIM-v2.2-20260807-20260804 | U88: https://zenodo.org/records/17855209 | V88: LINE-S03-PRE-20250925 | W88: 已关联 | X88: 按班次口径判断 | Z88: 否
A89: SIM-STOP-00088 | B89: STOP-PRE-00030 | C89: LINE-S01-PRE-20250925 | D89: SHIFT-PRE-20250925 | E89: LINE-S01 | F89: 改善前 | G89: 45925 | H89: 智能终端系列 | I89: 9KK25 | J89: MATERIALS | K89: Unplanned | L89: HACKING STATION | M89: 上下料工位 | N89: RACK STARVATION | O89: 45925.567 | P89: 45925.57 | Q89: 4.2 | R89: 0.9016 | S89: 团队模拟数据（基于公开单线数据派生） | T89: SIM-v2.2-20260807-20260804 | U89: https://zenodo.org/records/17855209 | V89: LINE-S01-PRE-20250925 | W89: 已关联 | X89: 按班次口径判断 | Z89: 否
A90: SIM-STOP-00089 | B90: STOP-PRE-00030 | C90: LINE-S02-PRE-20250925 | D90: SHIFT-PRE-20250925 | E90: LINE-S02 | F90: 改善前 | G90: 45925 | H90: 视觉设备系列 | I90: 9KK25 | J90: MATERIALS | K90: Unplanned | L90: HACKING STATION | M90: 上下料工位 | N90: RACK STARVATION | O90: 45925.581 | P90: 45925.585 | Q90: 6.2 | R90: 1.32 | S90: 团队模拟数据（基于公开单线数据派生） | T90: SIM-v2.2-20260807-20260804 | U90: https://zenodo.org/records/17855209 | V90: LINE-S02-PRE-20250925 | W90: 已关联 | X90: 按班次口径判断 | Z90: 否
A91: SIM-STOP-00090 | B91: STOP-PRE-00030 | C91: LINE-S03-PRE-20250925 | D91: SHIFT-PRE-20250925 | E91: LINE-S03 | F91: 改善前 | G91: 45925 | H91: 音频模组系列 | I91: 9KK25 | J91: MATERIALS | K91: Unplanned | L91: HACKING STATION | M91: 上下料工位 | N91: RACK STARVATION | O91: 45925.594 | P91: 45925.598 | Q91: 5.5 | R91: 1.1606 | S91: 团队模拟数据（基于公开单线数据派生） | T91: SIM-v2.2-20260807-20260804 | U91: https://zenodo.org/records/17855209 | V91: LINE-S03-PRE-20250925 | W91: 已关联 | X91: 按班次口径判断 | Z91: 否
A92: SIM-STOP-00091 | B92: STOP-PRE-00031 | C92: LINE-S01-PRE-20250925 | D92: SHIFT-PRE-20250925 | E92: LINE-S01 | F92: 改善前 | G92: 45925 | H92: 智能终端系列 | I92: 9KK25 | J92: FAILURE | K92: Unplanned | L92: HACKING STATION | M92: 上下料工位 | N92: MECHANICAL FAILURE | O92: 45925.58 | P92: 45925.605 | Q92: 36.9 | R92: 0.8428 | S92: 团队模拟数据（基于公开单线数据派生） | T92: SIM-v2.2-20260807-20260804 | U92: https://zenodo.org/records/17855209 | V92: LINE-S01-PRE-20250925 | W92: 已关联 | X92: 按班次口径判断 | Z92: 否
A93: SIM-STOP-00092 | B93: STOP-PRE-00031 | C93: LINE-S02-PRE-20250925 | D93: SHIFT-PRE-20250925 | E93: LINE-S02 | F93: 改善前 | G93: 45925 | H93: 视觉设备系列 | I93: 9KK25 | J93: FAILURE | K93: Unplanned | L93: HACKING STATION | M93: 上下料工位 | N93: MECHANICAL FAILURE | O93: 45925.594 | P93: 45925.635 | Q93: 60.1 | R93: 1.3725 | S93: 团队模拟数据（基于公开单线数据派生） | T93: SIM-v2.2-20260807-20260804 | U93: https://zenodo.org/records/17855209 | V93: LINE-S02-PRE-20250925 | W93: 已关联 | X93: 按班次口径判断 | Z93: 否
A94: SIM-STOP-00093 | B94: STOP-PRE-00031 | C94: LINE-S03-PRE-20250925 | D94: SHIFT-PRE-20250925 | E94: LINE-S03 | F94: 改善前 | G94: 45925 | H94: 音频模组系列 | I94: 9KK25 | J94: FAILURE | K94: Unplanned | L94: HACKING STATION | M94: 上下料工位 | N94: MECHANICAL FAILURE | O94: 45925.608 | P94: 45925.641 | Q94: 47.6 | R94: 1.0862 | S94: 团队模拟数据（基于公开单线数据派生） | T94: SIM-v2.2-20260807-20260804 | U94: https://zenodo.org/records/17855209 | V94: LINE-S03-PRE-20250925 | W94: 已关联 | X94: 按班次口径判断 | Z94: 否
A95: SIM-STOP-00094 | B95: STOP-PRE-00032 | C95: LINE-S01-PRE-20250925 | D95: SHIFT-PRE-20250925 | E95: LINE-S01 | F95: 改善前 | G95: 45925 | H95: 智能终端系列 | I95: 9KK25 | J95: MATERIALS | K95: Unplanned | L95: HACKING STATION | M95: 上下料工位 | N95: RACK STARVATION | O95: 45925.625 | P95: 45925.627 | Q95: 3.2 | R95: 0.8771 | S95: 团队模拟数据（基于公开单线数据派生） | T95: SIM-v2.2-20260807-20260804 | U95: https://zenodo.org/records/17855209 | V95: LINE-S01-PRE-20250925 | W95: 已关联 | X95: 按班次口径判断 | Z95: 否
A96: SIM-STOP-00095 | B96: STOP-PRE-00032 | C96: LINE-S02-PRE-20250925 | D96: SHIFT-PRE-20250925 | E96: LINE-S02 | F96: 改善前 | G96: 45925 | H96: 视觉设备系列 | I96: 9KK25 | J96: MATERIALS | K96: Unplanned | L96: HACKING STATION | M96: 上下料工位 | N96: RACK STARVATION | O96: 45925.639 | P96: 45925.642 | Q96: 4.7 | R96: 1.2825 | S96: 团队模拟数据（基于公开单线数据派生） | T96: SIM-v2.2-20260807-20260804 | U96: https://zenodo.org/records/17855209 | V96: LINE-S02-PRE-20250925 | W96: 已关联 | X96: 按班次口径判断 | Z96: 否
A97: SIM-STOP-00096 | B97: STOP-PRE-00032 | C97: LINE-S03-PRE-20250925 | D97: SHIFT-PRE-20250925 | E97: LINE-S03 | F97: 改善前 | G97: 45925 | H97: 音频模组系列 | I97: 9KK25 | J97: MATERIALS | K97: Unplanned | L97: HACKING STATION | M97: 上下料工位 | N97: RACK STARVATION | O97: 45925.653 | P97: 45925.656 | Q97: 4.2 | R97: 1.1296 | S97: 团队模拟数据（基于公开单线数据派生） | T97: SIM-v2.2-20260807-20260804 | U97: https://zenodo.org/records/17855209 | V97: LINE-S03-PRE-20250925 | W97: 已关联 | X97: 按班次口径判断 | Z97: 否
... A103: SIM-STOP-00102 | B103: STOP-PRE-00034 | C103: LINE-S03-PRE-20250925 | D103: SHIFT-PRE-20250925 | E103: LINE-S03 | F103: 改善前 | G103: 45925 | H103: 音频模组系列 | I103: 9KK25 | J103: FAILURE | K103: Unplanned | L103: HACKING STATION | M103: 上下料工位 | N103: AUTOMATION FAILURE | O103: 45925.678 | P103: 45925.685 | Q103: 9.2 | R103: 1.0986 | S103: 团队模拟数据（基于公开单线数据派生） | T103: SIM-v2.2-20260807-20260804 | U103: https://zenodo.org/records/17855209 | V103: LINE-S03-PRE-20250925 | W103: 已关联 | X103: 按班次口径判断 | Z103: 否
A104: SIM-STOP-00103 | B104: STOP-PRE-00035 | C104: LINE-S01-PRE-20250925 | D104: SHIFT-PRE-20250925 | E104: LINE-S01 | F104: 改善前 | G104: 45925 | H104: 智能终端系列 | I104: 9KK25 | J104: SETUPS-CHANGEOVERS | K104: Planned - Included in OEE | L104: HACKING STATION | M104: 上下料工位 | N104: MATERIAL CHANGEOVER | O104: 45925.678 | P104: 45925.688 | Q104: 15.2 | R104: 0.9657 | S104: 团队模拟数据（基于公开单线数据派生） | T104: SIM-v2.2-20260807-20260804 | U104: https://zenodo.org/records/17855209 | V104: LINE-S01-PRE-20250925 | W104: 已关联 | X104: 按班次口径判断 | Z104: 是 | AA104: =IFERROR(VLOOKUP(N104,'18_换产标准_模拟'!$B$2:$F$4,3,FALSE),"") | AB104: =IFERROR(MAX(Q104-AA104,0),"") | AC104: =IFERROR(IF(AB104=0,"达标",IF(AB104<=VLOOKUP(N104,'18_换产标准_模拟'!$B$2:$F$4,4,FALSE)-VLOOKUP(N104,'18_换产标准_模拟'!$B$2:$F$4,3,FALSE),"轻微超时",IF(AB104<=VLOOKUP(N104,'18_换产标准_模拟'!$B$2:$F$4,5,FALSE)-VLOOKUP(N104,'18_换产标准_模拟'!$B$2:$F$4,3,FALSE),"超时","严重超时"))),"") | AD104: =IFERROR(INDEX('18_换产标准_模拟'!$A$2:$A$4,MATCH(N104,'18_换产标准_模拟'!$B$2:$B$4,0)),"") | AE104: 团队模拟数据
A105: SIM-STOP-00104 | B105: STOP-PRE-00035 | C105: LINE-S02-PRE-20250925 | D105: SHIFT-PRE-20250925 | E105: LINE-S02 | F105: 改善前 | G105: 45925 | H105: 视觉设备系列 | I105: 9KK25 | J105: SETUPS-CHANGEOVERS | K105: Planned - Included in OEE | L105: HACKING STATION | M105: 上下料工位 | N105: MATERIAL CHANGEOVER | O105: 45925.692 | P105: 45925.702 | Q105: 15.4 | R105: 0.9803 | S105: 团队模拟数据（基于公开单线数据派生） | T105: SIM-v2.2-20260807-20260804 | U105: https://zenodo.org/records/17855209 | V105: LINE-S02-PRE-20250925 | W105: 已关联 | X105: 按班次口径判断 | Z105: 是 | AA105: =IFERROR(VLOOKUP(N105,'18_换产标准_模拟'!$B$2:$F$4,3,FALSE),"") | AB105: =IFERROR(MAX(Q105-AA105,0),"") | AC105: =IFERROR(IF(AB105=0,"达标",IF(AB105<=VLOOKUP(N105,'18_换产标准_模拟'!$B$2:$F$4,4,FALSE)-VLOOKUP(N105,'18_换产标准_模拟'!$B$2:$F$4,3,FALSE),"轻微超时",IF(AB105<=VLOOKUP(N105,'18_换产标准_模拟'!$B$2:$F$4,5,FALSE)-VLOOKUP(N105,'18_换产标准_模拟'!$B$2:$F$4,3,FALSE),"超时","严重超时"))),"") | AD105: =IFERROR(INDEX('18_换产标准_模拟'!$A$2:$A$4,MATCH(N105,'18_换产标准_模拟'!$B$2:$B$4,0)),"") | AE105: 团队模拟数据
A106: SIM-STOP-00105 | B106: STOP-PRE-00035 | C106: LINE-S03-PRE-20250925 | D106: SHIFT-PRE-20250925 | E106: LINE-S03 | F106: 改善前 | G106: 45925 | H106: 音频模组系列 | I106: 9KK25 | J106: SETUPS-CHANGEOVERS | K106: Planned - Included in OEE | L106: HACKING STATION | M106: 上下料工位 | N106: MATERIAL CHANGEOVER | O106: 45925.706 | P106: 45925.718 | Q106: 18.3 | R106: 1.1653 | S106: 团队模拟数据（基于公开单线数据派生） | T106: SIM-v2.2-20260807-20260804 | U106: https://zenodo.org/records/17855209 | V106: LINE-S03-PRE-20250925 | W106: 已关联 | X106: 按班次口径判断 | Z106: 是 | AA106: =IFERROR(VLOOKUP(N106,'18_换产标准_模拟'!$B$2:$F$4,3,FALSE),"") | AB106: =IFERROR(MAX(Q106-AA106,0),"") | AC106: =IFERROR(IF(AB106=0,"达标",IF(AB106<=VLOOKUP(N106,'18_换产标准_模拟'!$B$2:$F$4,4,FALSE)-VLOOKUP(N106,'18_换产标准_模拟'!$B$2:$F$4,3,FALSE),"轻微超时",IF(AB106<=VLOOKUP(N106,'18_换产标准_模拟'!$B$2:$F$4,5,FALSE)-VLOOKUP(N106,'18_换产标准_模拟'!$B$2:$F$4,3,FALSE),"超时","严重超时"))),"") | AD106: =IFERROR(INDEX('18_换产标准_模拟'!$A$2:$A$4,MATCH(N106,'18_换产标准_模拟'!$B$2:$B$4,0)),"") | AE106: 团队模拟数据
A107: SIM-STOP-00106 | B107: STOP-PRE-00036 | C107: LINE-S01-PRE-20250925 | D107: SHIFT-PRE-20250925 | E107: LINE-S01 | F107: 改善前 | G107: 45925 | H107: 智能终端系列 | I107: 9KK25 | J107: OPERATIONAL | K107: Planned - Not included in OEE | L107: - | M107: 未标注工位 | N107: NO PRODUCTION SCHEDULE | O107: 45925.75 | P107: 45925.813 | Q107: 90.3 | R107: 1.0031 | S107: 团队模拟数据（基于公开单线数据派生） | T107: SIM-v2.2-20260807-20260804 | U107: https://zenodo.org/records/17855209 | V107: LINE-S01-PRE-20250925 | W107: 已关联 | X107: 按班次口径判断 | Z107: 否
A108: SIM-STOP-00107 | B108: STOP-PRE-00036 | C108: LINE-S02-PRE-20250925 | D108: SHIFT-PRE-20250925 | E108: LINE-S02 | F108: 改善前 | G108: 45925 | H108: 视觉设备系列 | I108: 9KK25 | J108: OPERATIONAL | K108: Planned - Not included in OEE | L108: - | M108: 未标注工位 | N108: NO PRODUCTION SCHEDULE | O108: 45925.764 | P108: 45925.828 | Q108: 91.8 | R108: 1.02 | S108: 团队模拟数据（基于公开单线数据派生） | T108: SIM-v2.2-20260807-20260804 | U108: https://zenodo.org/records/17855209 | V108: LINE-S02-PRE-20250925 | W108: 已关联 | X108: 按班次口径判断 | Z108: 否
A109: SIM-STOP-00108 | B109: STOP-PRE-00036 | C109: LINE-S03-PRE-20250925 | D109: SHIFT-PRE-20250925 | E109: LINE-S03 | F109: 改善前 | G109: 45925 | H109: 音频模组系列 | I109: 9KK25 | J109: OPERATIONAL | K109: Planned - Not included in OEE | L109: - | M109: 未标注工位 | N109: NO PRODUCTION SCHEDULE | O109: 45925.778 | P109: 45925.838 | Q109: 86 | R109: 0.9556 | S109: 团队模拟数据（基于公开单线数据派生） | T109: SIM-v2.2-20260807-20260804 | U109: https://zenodo.org/records/17855209 | V109: LINE-S03-PRE-20250925 | W109: 已关联 | X109: 按班次口径判断 | Z109: 否
A110: SIM-STOP-00109 | B110: STOP-PRE-00037 | C110: LINE-S01-PRE-20250926 | D110: SHIFT-PRE-20250926 | E110: LINE-S01 | F110: 改善前 | G110: 45926 | H110: 智能终端系列 | I110: 9KK25 | J110: FAILURE | K110: Unplanned | L110: SILO | M110: 供料系统 | N110: AUTOMATION FAILURE | O110: 45926.477 | P110: 45926.483 | Q110: 8 | R110: 0.8624 | S110: 团队模拟数据（基于公开单线数据派生） | T110: SIM-v2.2-20260807-20260804 | U110: https://zenodo.org/records/17855209 | V110: LINE-S01-PRE-20250926 | W110: 已关联 | X110: 按班次口径判断 | Z110: 否
A111: SIM-STOP-00110 | B111: STOP-PRE-00037 | C111: LINE-S02-PRE-20250926 | D111: SHIFT-PRE-20250926 | E111: LINE-S02 | F111: 改善前 | G111: 45926 | H111: 视觉设备系列 | I111: 9KK25 | J111: FAILURE | K111: Unplanned | L111: SILO | M111: 供料系统 | N111: AUTOMATION FAILURE | O111: 45926.491 | P111: 45926.5 | Q111: 13 | R111: 1.4025 | S111: 团队模拟数据（基于公开单线数据派生） | T111: SIM-v2.2-20260807-20260804 | U111: https://zenodo.org/records/17855209 | V111: LINE-S02-PRE-20250926 | W111: 已关联 | X111: 按班次口径判断 | Z111: 否
A112: SIM-STOP-00111 | B112: STOP-PRE-00037 | C112: LINE-S03-PRE-20250926 | D112: SHIFT-PRE-20250926 | E112: LINE-S03 | F112: 改善前 | G112: 45926 | H112: 音频模组系列 | I112: 9KK25 | J112: FAILURE | K112: Unplanned | L112: SILO | M112: 供料系统 | N112: AUTOMATION FAILURE | O112: 45926.505 | P112: 45926.511 | Q112: 9.1 | R112: 0.9746 | S112: 团队模拟数据（基于公开单线数据派生） | T112: SIM-v2.2-20260807-20260804 | U112: https://zenodo.org/records/17855209 | V112: LINE-S03-PRE-20250926 | W112: 已关联 | X112: 按班次口径判断 | Z112: 否
A113: SIM-STOP-00112 | B113: STOP-PRE-00038 | C113: LINE-S01-PRE-20250926 | D113: SHIFT-PRE-20250926 | E113: LINE-S01 | F113: 改善前 | G113: 45926 | H113: 智能终端系列 | I113: 9KK25 | J113: MATERIALS | K113: Unplanned | L113: HACKING STATION | M113: 上下料工位 | N113: MANUAL BRICK HANDLING | O113: 45926.595 | P113: 45926.6 | Q113: 6.6 | R113: 0.8967 | S113: 团队模拟数据（基于公开单线数据派生） | T113: SIM-v2.2-20260807-20260804 | U113: https://zenodo.org/records/17855209 | V113: LINE-S01-PRE-20250926 | W113: 已关联 | X113: 按班次口径判断 | Z113: 否
A114: SIM-STOP-00113 | B114: STOP-PRE-00038 | C114: LINE-S02-PRE-20250926 | D114: SHIFT-PRE-20250926 | E114: LINE-S02 | F114: 改善前 | G114: 45926 | H114: 视觉设备系列 | I114: 9KK25 | J114: MATERIALS | K114: Unplanned | L114: HACKING STATION | M114: 上下料工位 | N114: MANUAL BRICK HANDLING | O114: 45926.609 | P114: 45926.616 | Q114: 9.7 | R114: 1.3125 | S114: 团队模拟数据（基于公开单线数据派生） | T114: SIM-v2.2-20260807-20260804 | U114: https://zenodo.org/records/17855209 | V114: LINE-S02-PRE-20250926 | W114: 已关联 | X114: 按班次口径判断 | Z114: 否
A115: SIM-STOP-00114 | B115: STOP-PRE-00038 | C115: LINE-S03-PRE-20250926 | D115: SHIFT-PRE-20250926 | E115: LINE-S03 | F115: 改善前 | G115: 45926 | H115: 音频模组系列 | I115: 9KK25 | J115: MATERIALS | K115: Unplanned | L115: HACKING STATION | M115: 上下料工位 | N115: MANUAL BRICK HANDLING | O115: 45926.623 | P115: 45926.629 | Q115: 8.5 | R115: 1.1544 | S115: 团队模拟数据（基于公开单线数据派生） | T115: SIM-v2.2-20260807-20260804 | U115: https://zenodo.org/records/17855209 | V115: LINE-S03-PRE-20250926 | W115: 已关联 | X115: 按班次口径判断 | Z115: 否
A116: SIM-STOP-00115 | B116: STOP-PRE-00039 | C116: LINE-S01-PRE-20250926 | D116: SHIFT-PRE-20250926 | E116: LINE-S01 | F116: 改善前 | G116: 45926 | H116: 智能终端系列 | I116: 9KK25 | J116: MATERIALS | K116: Unplanned | L116: HACKING STATION | M116: 上下料工位 | N116: MANUAL BRICK HANDLING | O116: 45926.615 | P116: 45926.62 | Q116: 7.3 | R116: 0.8379 | S116: 团队模拟数据（基于公开单线数据派生） | T116: SIM-v2.2-20260807-20260804 | U116: https://zenodo.org/records/17855209 | V116: LINE-S01-PRE-20250926 | W116: 已关联 | X116: 按班次口径判断 | Z116: 否
A117: SIM-STOP-00116 | B117: STOP-PRE-00039 | C117: LINE-S02-PRE-20250926 | D117: SHIFT-PRE-20250926 | E117: LINE-S02 | F117: 改善前 | G117: 45926 | H117: 视觉设备系列 | I117: 9KK25 | J117: MATERIALS | K117: Unplanned | L117: HACKING STATION | M117: 上下料工位 | N117: MANUAL BRICK HANDLING | O117: 45926.628 | P117: 45926.637 | Q117: 11.9 | R117: 1.365 | S117: 团队模拟数据（基于公开单线数据派生） | T117: SIM-v2.2-20260807-20260804 | U117: https://zenodo.org/records/17855209 | V117: LINE-S02-PRE-20250926 | W117: 已关联 | X117: 按班次口径判断 | Z117: 否
A118: SIM-STOP-00117 | B118: STOP-PRE-00039 | C118: LINE-S03-PRE-20250926 | D118: SHIFT-PRE-20250926 | E118: LINE-S03 | F118: 改善前 | G118: 45926 | H118: 音频模组系列 | I118: 9KK25 | J118: MATERIALS | K118: Unplanned | L118: HACKING STATION | M118: 上下料工位 | N118: MANUAL BRICK HANDLING | O118: 45926.642 | P118: 45926.649 | Q118: 9.4 | R118: 1.08 | S118: 团队模拟数据（基于公开单线数据派生） | T118: SIM-v2.2-20260807-20260804 | U118: https://zenodo.org/records/17855209 | V118: LINE-S03-PRE-20250926 | W118: 已关联 | X118: 按班次口径判断 | Z118: 否
... A121: SIM-STOP-00120 | B121: STOP-PRE-00040 | C121: LINE-S03-PRE-20250926 | D121: SHIFT-PRE-20250926 | E121: LINE-S03 | F121: 改善前 | G121: 45926 | H121: 音频模组系列 | I121: 9KK25 | J121: FAILURE | K121: Unplanned | L121: PACKAGING | M121: 包装工位 | N121: OTHER FAILURE | O121: 45926.683 | P121: 45926.695 | Q121: 17.4 | R121: 1.1234 | S121: 团队模拟数据（基于公开单线数据派生） | T121: SIM-v2.2-20260807-20260804 | U121: https://zenodo.org/records/17855209 | V121: LINE-S03-PRE-20250926 | W121: 已关联 | X121: 按班次口径判断 | Z121: 否
A122: SIM-STOP-00121 | B122: STOP-PRE-00041 | C122: LINE-S01-PRE-20250926 | D122: SHIFT-PRE-20250926 | E122: LINE-S01 | F122: 改善前 | G122: 45926 | H122: 智能终端系列 | I122: KK200-1 | J122: SETUPS-CHANGEOVERS | K122: Planned - Included in OEE | L122: EXTRUDER PRESS | M122: 主加工工位 | N122: MATERIAL CHANGEOVER | O122: 45926.673 | P122: 45926.684 | Q122: 16.5 | R122: 0.9871 | S122: 团队模拟数据（基于公开单线数据派生） | T122: SIM-v2.2-20260807-20260804 | U122: https://zenodo.org/records/17855209 | V122: LINE-S01-PRE-20250926 | W122: 已关联 | X122: 按班次口径判断 | Z122: 是 | AA122: =IFERROR(VLOOKUP(N122,'18_换产标准_模拟'!$B$2:$F$4,3,FALSE),"") | AB122: =IFERROR(MAX(Q122-AA122,0),"") | AC122: =IFERROR(IF(AB122=0,"达标",IF(AB122<=VLOOKUP(N122,'18_换产标准_模拟'!$B$2:$F$4,4,FALSE)-VLOOKUP(N122,'18_换产标准_模拟'!$B$2:$F$4,3,FALSE),"轻微超时",IF(AB122<=VLOOKUP(N122,'18_换产标准_模拟'!$B$2:$F$4,5,FALSE)-VLOOKUP(N122,'18_换产标准_模拟'!$B$2:$F$4,3,FALSE),"超时","严重超时"))),"") | AD122: =IFERROR(INDEX('18_换产标准_模拟'!$A$2:$A$4,MATCH(N122,'18_换产标准_模拟'!$B$2:$B$4,0)),"") | AE122: 团队模拟数据
A123: SIM-STOP-00122 | B123: STOP-PRE-00041 | C123: LINE-S02-PRE-20250926 | D123: SHIFT-PRE-20250926 | E123: LINE-S02 | F123: 改善前 | G123: 45926 | H123: 视觉设备系列 | I123: KK200-1 | J123: SETUPS-CHANGEOVERS | K123: Planned - Included in OEE | L123: EXTRUDER PRESS | M123: 主加工工位 | N123: MATERIAL CHANGEOVER | O123: 45926.687 | P123: 45926.698 | Q123: 16.8 | R123: 1.003 | S123: 团队模拟数据（基于公开单线数据派生） | T123: SIM-v2.2-20260807-20260804 | U123: https://zenodo.org/records/17855209 | V123: LINE-S02-PRE-20250926 | W123: 已关联 | X123: 按班次口径判断 | Z123: 是 | AA123: =IFERROR(VLOOKUP(N123,'18_换产标准_模拟'!$B$2:$F$4,3,FALSE),"") | AB123: =IFERROR(MAX(Q123-AA123,0),"") | AC123: =IFERROR(IF(AB123=0,"达标",IF(AB123<=VLOOKUP(N123,'18_换产标准_模拟'!$B$2:$F$4,4,FALSE)-VLOOKUP(N123,'18_换产标准_模拟'!$B$2:$F$4,3,FALSE),"轻微超时",IF(AB123<=VLOOKUP(N123,'18_换产标准_模拟'!$B$2:$F$4,5,FALSE)-VLOOKUP(N123,'18_换产标准_模拟'!$B$2:$F$4,3,FALSE),"超时","严重超时"))),"") | AD123: =IFERROR(INDEX('18_换产标准_模拟'!$A$2:$A$4,MATCH(N123,'18_换产标准_模拟'!$B$2:$B$4,0)),"") | AE123: 团队模拟数据
A124: SIM-STOP-00123 | B124: STOP-PRE-00041 | C124: LINE-S03-PRE-20250926 | D124: SHIFT-PRE-20250926 | E124: LINE-S03 | F124: 改善前 | G124: 45926 | H124: 音频模组系列 | I124: KK200-1 | J124: SETUPS-CHANGEOVERS | K124: Planned - Included in OEE | L124: EXTRUDER PRESS | M124: 主加工工位 | N124: MATERIAL CHANGEOVER | O124: 45926.701 | P124: 45926.713 | Q124: 17.4 | R124: 1.0444 | S124: 团队模拟数据（基于公开单线数据派生） | T124: SIM-v2.2-20260807-20260804 | U124: https://zenodo.org/records/17855209 | V124: LINE-S03-PRE-20250926 | W124: 已关联 | X124: 按班次口径判断 | Z124: 是 | AA124: =IFERROR(VLOOKUP(N124,'18_换产标准_模拟'!$B$2:$F$4,3,FALSE),"") | AB124: =IFERROR(MAX(Q124-AA124,0),"") | AC124: =IFERROR(IF(AB124=0,"达标",IF(AB124<=VLOOKUP(N124,'18_换产标准_模拟'!$B$2:$F$4,4,FALSE)-VLOOKUP(N124,'18_换产标准_模拟'!$B$2:$F$4,3,FALSE),"轻微超时",IF(AB124<=VLOOKUP(N124,'18_换产标准_模拟'!$B$2:$F$4,5,FALSE)-VLOOKUP(N124,'18_换产标准_模拟'!$B$2:$F$4,3,FALSE),"超时","严重超时"))),"") | AD124: =IFERROR(INDEX('18_换产标准_模拟'!$A$2:$A$4,MATCH(N124,'18_换产标准_模拟'!$B$2:$B$4,0)),"") | AE124: 团队模拟数据
A125: SIM-STOP-00124 | B125: STOP-PRE-00042 | C125: LINE-S01-PRE-20250926 | D125: SHIFT-PRE-20250926 | E125: LINE-S01 | F125: 改善前 | G125: 45926 | H125: 智能终端系列 | I125: KK200-1 | J125: MATERIALS | K125: Unplanned | L125: HACKING STATION | M125: 上下料工位 | N125: KILN CAR STARVATION | O125: 45926.712 | P125: 45926.721 | Q125: 13 | R125: 0.8477 | S125: 团队模拟数据（基于公开单线数据派生） | T125: SIM-v2.2-20260807-20260804 | U125: https://zenodo.org/records/17855209 | V125: LINE-S01-PRE-20250926 | W125: 已关联 | X125: 按班次口径判断 | Z125: 否
A126: SIM-STOP-00125 | B126: STOP-PRE-00042 | C126: LINE-S02-PRE-20250926 | D126: SHIFT-PRE-20250926 | E126: LINE-S02 | F126: 改善前 | G126: 45926 | H126: 视觉设备系列 | I126: KK200-1 | J126: MATERIALS | K126: Unplanned | L126: HACKING STATION | M126: 上下料工位 | N126: KILN CAR STARVATION | O126: 45926.726 | P126: 45926.74 | Q126: 21.1 | R126: 1.38 | S126: 团队模拟数据（基于公开单线数据派生） | T126: SIM-v2.2-20260807-20260804 | U126: https://zenodo.org/records/17855209 | V126: LINE-S02-PRE-20250926 | W126: 已关联 | X126: 按班次口径判断 | Z126: 否
A127: SIM-STOP-00126 | B127: STOP-PRE-00042 | C127: LINE-S03-PRE-20250926 | D127: SHIFT-PRE-20250926 | E127: LINE-S03 | F127: 改善前 | G127: 45926 | H127: 音频模组系列 | I127: KK200-1 | J127: MATERIALS | K127: Unplanned | L127: HACKING STATION | M127: 上下料工位 | N127: KILN CAR STARVATION | O127: 45926.74 | P127: 45926.751 | Q127: 16.7 | R127: 1.0924 | S127: 团队模拟数据（基于公开单线数据派生） | T127: SIM-v2.2-20260807-20260804 | U127: https://zenodo.org/records/17855209 | V127: LINE-S03-PRE-20250926 | W127: 已关联 | X127: 按班次口径判断 | Z127: 否
A128: SIM-STOP-00127 | B128: STOP-PRE-00043 | C128: LINE-S01-PRE-20250926 | D128: SHIFT-PRE-20250926 | E128: LINE-S01 | F128: 改善前 | G128: 45926 | H128: 智能终端系列 | I128: KK200-1 | J128: OPERATIONAL | K128: Planned - Not included in OEE | L128: - | M128: 未标注工位 | N128: NO PRODUCTION SCHEDULE | O128: 45926.734 | P128: 45926.789 | Q128: 79.7 | R128: 0.9604 | S128: 团队模拟数据（基于公开单线数据派生） | T128: SIM-v2.2-20260807-20260804 | U128: https://zenodo.org/records/17855209 | V128: LINE-S01-PRE-20250926 | W128: 已关联 | X128: 按班次口径判断 | Z128: 否
A129: SIM-STOP-00128 | B129: STOP-PRE-00043 | C129: LINE-S02-PRE-20250926 | D129: SHIFT-PRE-20250926 | E129: LINE-S02 | F129: 改善前 | G129: 45926 | H129: 视觉设备系列 | I129: KK200-1 | J129: OPERATIONAL | K129: Planned - Not included in OEE | L129: - | M129: 未标注工位 | N129: NO PRODUCTION SCHEDULE | O129: 45926.748 | P129: 45926.804 | Q129: 80.9 | R129: 0.9747 | S129: 团队模拟数据（基于公开单线数据派生） | T129: SIM-v2.2-20260807-20260804 | U129: https://zenodo.org/records/17855209 | V129: LINE-S02-PRE-20250926 | W129: 已关联 | X129: 按班次口径判断 | Z129: 否
A130: SIM-STOP-00129 | B130: STOP-PRE-00043 | C130: LINE-S03-PRE-20250926 | D130: SHIFT-PRE-20250926 | E130: LINE-S03 | F130: 改善前 | G130: 45926 | H130: 音频模组系列 | I130: KK200-1 | J130: OPERATIONAL | K130: Planned - Not included in OEE | L130: - | M130: 未标注工位 | N130: NO PRODUCTION SCHEDULE | O130: 45926.762 | P130: 45926.82 | Q130: 84.4 | R130: 1.0167 | S130: 团队模拟数据（基于公开单线数据派生） | T130: SIM-v2.2-20260807-20260804 | U130: https://zenodo.org/records/17855209 | V130: LINE-S03-PRE-20250926 | W130: 已关联 | X130: 按班次口径判断 | Z130: 否
A131: SIM-STOP-00130 | B131: STOP-PRE-00044 | C131: LINE-S01-PRE-20250929 | D131: SHIFT-PRE-20250929 | E131: LINE-S01 | F131: 改善前 | G131: 45929 | H131: 智能终端系列 | I131: KK200-1 | J131: OPERATIONAL | K131: Planned - Included in OEE | L131: EXTRUDER PRESS | M131: 主加工工位 | N131: CLEANING | O131: 45929.469 | P131: 45929.475 | Q131: 9.5 | R131: 0.9977 | S131: 团队模拟数据（基于公开单线数据派生） | T131: SIM-v2.2-20260807-20260804 | U131: https://zenodo.org/records/17855209 | V131: LINE-S01-PRE-20250929 | W131: 已关联 | X131: 按班次口径判断 | Z131: 否
A132: SIM-STOP-00131 | B132: STOP-PRE-00044 | C132: LINE-S02-PRE-20250929 | D132: SHIFT-PRE-20250929 | E132: LINE-S02 | F132: 改善前 | G132: 45929 | H132: 视觉设备系列 | I132: KK200-1 | J132: OPERATIONAL | K132: Planned - Included in OEE | L132: EXTRUDER PRESS | M132: 主加工工位 | N132: CLEANING | O132: 45929.483 | P132: 45929.489 | Q132: 9.6 | R132: 1.0143 | S132: 团队模拟数据（基于公开单线数据派生） | T132: SIM-v2.2-20260807-20260804 | U132: https://zenodo.org/records/17855209 | V132: LINE-S02-PRE-20250929 | W132: 已关联 | X132: 按班次口径判断 | Z132: 否
A133: SIM-STOP-00132 | B133: STOP-PRE-00044 | C133: LINE-S03-PRE-20250929 | D133: SHIFT-PRE-20250929 | E133: LINE-S03 | F133: 改善前 | G133: 45929 | H133: 音频模组系列 | I133: KK200-1 | J133: OPERATIONAL | K133: Planned - Included in OEE | L133: EXTRUDER PRESS | M133: 主加工工位 | N133: CLEANING | O133: 45929.497 | P133: 45929.503 | Q133: 9 | R133: 0.95 | S133: 团队模拟数据（基于公开单线数据派生） | T133: SIM-v2.2-20260807-20260804 | U133: https://zenodo.org/records/17855209 | V133: LINE-S03-PRE-20250929 | W133: 已关联 | X133: 按班次口径判断 | Z133: 否
A134: SIM-STOP-00133 | B134: STOP-PRE-00045 | C134: LINE-S01-PRE-20250929 | D134: SHIFT-PRE-20250929 | E134: LINE-S01 | F134: 改善前 | G134: 45929 | H134: 智能终端系列 | I134: KK200-1 | J134: MATERIALS | K134: Unplanned | L134: HACKING STATION | M134: 上下料工位 | N134: MANUAL BRICK HANDLING | O134: 45929.485 | P134: 45929.493 | Q134: 11.1 | R134: 0.8575 | S134: 团队模拟数据（基于公开单线数据派生） | T134: SIM-v2.2-20260807-20260804 | U134: https://zenodo.org/records/17855209 | V134: LINE-S01-PRE-20250929 | W134: 已关联 | X134: 按班次口径判断 | Z134: 否
A135: SIM-STOP-00134 | B135: STOP-PRE-00045 | C135: LINE-S02-PRE-20250929 | D135: SHIFT-PRE-20250929 | E135: LINE-S02 | F135: 改善前 | G135: 45929 | H135: 视觉设备系列 | I135: KK200-1 | J135: MATERIALS | K135: Unplanned | L135: HACKING STATION | M135: 上下料工位 | N135: MANUAL BRICK HANDLING | O135: 45929.499 | P135: 45929.512 | Q135: 18 | R135: 1.395 | S135: 团队模拟数据（基于公开单线数据派生） | T135: SIM-v2.2-20260807-20260804 | U135: https://zenodo.org/records/17855209 | V135: LINE-S02-PRE-20250929 | W135: 已关联 | X135: 按班次口径判断 | Z135: 否
A136: SIM-STOP-00135 | B136: STOP-PRE-00045 | C136: LINE-S03-PRE-20250929 | D136: SHIFT-PRE-20250929 | E136: LINE-S03 | F136: 改善前 | G136: 45929 | H136: 音频模组系列 | I136: KK200-1 | J136: MATERIALS | K136: Unplanned | L136: HACKING STATION | M136: 上下料工位 | N136: MANUAL BRICK HANDLING | O136: 45929.513 | P136: 45929.523 | Q136: 14.3 | R136: 1.1048 | S136: 团队模拟数据（基于公开单线数据派生） | T136: SIM-v2.2-20260807-20260804 | U136: https://zenodo.org/records/17855209 | V136: LINE-S03-PRE-20250929 | W136: 已关联 | X136: 按班次口径判断 | Z136: 否
...

Sheet 14_多产线告警_模拟
A1: EventID | B1: SimShiftID | C1: SourceShiftID | D1: LineID | E1: 阶段 | F1: 日期 | G1: 告警类型 | H1: 指标 | I1: 触发值 | J1: 单位 | K1: 阈值 | L1: 严重度 | M1: 路由智能体 | N1: 责任岗位 | O1: 原因提示 | P1: 推送方式 | Q1: 需要人工确认 | R1: 状态 | S1: 数据性质 | T1: 模拟版本
A2: SIM-EVT-00001 | B2: LINE-S03-PRE-20250922 | C2: SHIFT-PRE-20250922 | D2: LINE-S03 | E2: 改善前 | F2: 45922 | G2: 质量率偏低 | H2: 质量率 | I2: 0.973711 | J2: 比例 | K2: 0.98 | L2: 中 | M2: 质量分析智能体 | N2: 质量工程师 | O2: 质量波动画像触发，建议核查批次、工艺参数和来料 | P2: 飞书消息卡片 | Q2: 否 | R2: 待确认 | S2: 团队模拟数据（基于公开单线数据派生） | T2: SIM-v2.2-20260807-20260804
A3: SIM-EVT-00002 | B3: LINE-S01-PRE-20250923 | C3: SHIFT-PRE-20250923 | D3: LINE-S01 | E3: 改善前 | F3: 45923 | G3: OEE低于目标 | H3: OEE | I3: 0.610913 | J3: 比例 | K3: 0.75 | L3: 中 | M3: 生产诊断智能体 | N3: 生产主管 | O3: 稳态基准线综合效率偏低，需结合三项损失继续下钻 | P3: 飞书消息卡片 | Q3: 否 | R3: 待确认 | S3: 团队模拟数据（基于公开单线数据派生） | T3: SIM-v2.2-20260807-20260804
A4: SIM-EVT-00003 | B4: LINE-S01-PRE-20250923 | C4: SHIFT-PRE-20250923 | D4: LINE-S01 | E4: 改善前 | F4: 45923 | G4: 开动率偏低 | H4: 开动率 | I4: 0.640933 | J4: 比例 | K4: 0.75 | L4: 中 | M4: 设备诊断智能体 | N4: 设备工程师 | O4: 优先检查非计划停机与待机原因 | P4: 飞书消息卡片 | Q4: 否 | R4: 待确认 | S4: 团队模拟数据（基于公开单线数据派生） | T4: SIM-v2.2-20260807-20260804
A5: SIM-EVT-00004 | B5: LINE-S01-PRE-20250923 | C5: SHIFT-PRE-20250923 | D5: LINE-S01 | E5: 改善前 | F5: 45923 | G5: 非计划停机超时 | H5: 非计划停机 | I5: 9450 | J5: 秒 | K5: 3600 | L5: 高 | M5: 设备诊断智能体 | N5: 设备工程师 | O5: 按停机位置和原因执行Pareto分析 | P5: 飞书消息卡片+处置任务 | Q5: 是 | R5: 待确认 | S5: 团队模拟数据（基于公开单线数据派生） | T5: SIM-v2.2-20260807-20260804
A6: SIM-EVT-00005 | B6: LINE-S02-PRE-20250923 | C6: SHIFT-PRE-20250923 | D6: LINE-S02 | E6: 改善前 | F6: 45923 | G6: OEE低于目标 | H6: OEE | I6: 0.530995 | J6: 比例 | K6: 0.75 | L6: 高 | M6: 生产诊断智能体 | N6: 生产主管 | O6: 设备瓶颈线综合效率偏低，需结合三项损失继续下钻 | P6: 飞书消息卡片+处置任务 | Q6: 是 | R6: 待确认 | S6: 团队模拟数据（基于公开单线数据派生） | T6: SIM-v2.2-20260807-20260804
A7: SIM-EVT-00006 | B7: LINE-S02-PRE-20250923 | C7: SHIFT-PRE-20250923 | D7: LINE-S02 | E7: 改善前 | F7: 45923 | G7: 开动率偏低 | H7: 开动率 | I7: 0.5756 | J7: 比例 | K7: 0.75 | L7: 高 | M7: 设备诊断智能体 | N7: 设备工程师 | O7: 设备瓶颈画像与非计划停机共同指向关键设备 | P7: 飞书消息卡片+处置任务 | Q7: 是 | R7: 待确认 | S7: 团队模拟数据（基于公开单线数据派生） | T7: SIM-v2.2-20260807-20260804
A8: SIM-EVT-00007 | B8: LINE-S02-PRE-20250923 | C8: SHIFT-PRE-20250923 | D8: LINE-S02 | E8: 改善前 | F8: 45923 | G8: 非计划停机超时 | H8: 非计划停机 | I8: 14586 | J8: 秒 | K8: 3600 | L8: 高 | M8: 设备诊断智能体 | N8: 设备工程师 | O8: 设备瓶颈线停机放大，优先查看主加工和输送系统 | P8: 飞书消息卡片+处置任务 | Q8: 是 | R8: 待确认 | S8: 团队模拟数据（基于公开单线数据派生） | T8: SIM-v2.2-20260807-20260804
A9: SIM-EVT-00008 | B9: LINE-S03-PRE-20250923 | C9: SHIFT-PRE-20250923 | D9: LINE-S03 | E9: 改善前 | F9: 45923 | G9: OEE低于目标 | H9: OEE | I9: 0.567775 | J9: 比例 | K9: 0.75 | L9: 高 | M9: 生产诊断智能体 | N9: 生产主管 | O9: 质量波动线综合效率偏低，需结合三项损失继续下钻 | P9: 飞书消息卡片+处置任务 | Q9: 是 | R9: 待确认 | S9: 团队模拟数据（基于公开单线数据派生） | T9: SIM-v2.2-20260807-20260804
A10: SIM-EVT-00009 | B10: LINE-S03-PRE-20250923 | C10: SHIFT-PRE-20250923 | D10: LINE-S03 | E10: 改善前 | F10: 45923 | G10: 开动率偏低 | H10: 开动率 | I10: 0.629933 | J10: 比例 | K10: 0.75 | L10: 中 | M10: 设备诊断智能体 | N10: 设备工程师 | O10: 优先检查非计划停机与待机原因 | P10: 飞书消息卡片 | Q10: 否 | R10: 待确认 | S10: 团队模拟数据（基于公开单线数据派生） | T10: SIM-v2.2-20260807-20260804
A11: SIM-EVT-00010 | B11: LINE-S03-PRE-20250923 | C11: SHIFT-PRE-20250923 | D11: LINE-S03 | E11: 改善前 | F11: 45923 | G11: 质量率偏低 | H11: 质量率 | I11: 0.974722 | J11: 比例 | K11: 0.98 | L11: 中 | M11: 质量分析智能体 | N11: 质量工程师 | O11: 质量波动画像触发，建议核查批次、工艺参数和来料 | P11: 飞书消息卡片 | Q11: 否 | R11: 待确认 | S11: 团队模拟数据（基于公开单线数据派生） | T11: SIM-v2.2-20260807-20260804
A12: SIM-EVT-00011 | B12: LINE-S03-PRE-20250923 | C12: SHIFT-PRE-20250923 | D12: LINE-S03 | E12: 改善前 | F12: 45923 | G12: 非计划停机超时 | H12: 非计划停机 | I12: 11484 | J12: 秒 | K12: 3600 | L12: 高 | M12: 设备诊断智能体 | N12: 设备工程师 | O12: 按停机位置和原因执行Pareto分析 | P12: 飞书消息卡片+处置任务 | Q12: 是 | R12: 待确认 | S12: 团队模拟数据（基于公开单线数据派生） | T12: SIM-v2.2-20260807-20260804
A13: SIM-EVT-00012 | B13: LINE-S02-PRE-20250924 | C13: SHIFT-PRE-20250924 | D13: LINE-S02 | E13: 改善前 | F13: 45924 | G13: OEE低于目标 | H13: OEE | I13: 0.681355 | J13: 比例 | K13: 0.75 | L13: 中 | M13: 生产诊断智能体 | N13: 生产主管 | O13: 设备瓶颈线综合效率偏低，需结合三项损失继续下钻 | P13: 飞书消息卡片 | Q13: 否 | R13: 待确认 | S13: 团队模拟数据（基于公开单线数据派生） | T13: SIM-v2.2-20260807-20260804
... A910: SIM-EVT-00909 | B910: LINE-S03-POST-20260403 | C910: SHIFT-POST-20260403 | D910: LINE-S03 | E910: 改善后 | F910: 46115 | G910: 质量率偏低 | H910: 质量率 | I910: 0.974927 | J910: 比例 | K910: 0.98 | L910: 中 | M910: 质量分析智能体 | N910: 质量工程师 | O910: 质量波动画像触发，建议核查批次、工艺参数和来料 | P910: 飞书消息卡片 | Q910: 否 | R910: 待确认 | S910: 团队模拟数据（基于公开单线数据派生） | T910: SIM-v2.2-20260807-20260804

Sheet 15_多产线校验
A1: 多产线模拟数据校验汇总
A3: LineID | B3: 阶段 | C3: 班次数 | D3: 平均OEE | E3: 平均开动率 | F3: 平均性能率 | G3: 平均质量率 | H3: 平均非计划停机_分钟 | I3: 高风险班次数 | J3: 告警数
A4: LINE-S01 | B4: 改善前 | C4: =COUNTIFS('12_多产线班次_模拟'!$C$2:$C$316,A4,'12_多产线班次_模拟'!$F$2:$F$316,B4) | D4: =AVERAGEIFS('12_多产线班次_模拟'!$M$2:$M$316,'12_多产线班次_模拟'!$C$2:$C$316,A4,'12_多产线班次_模拟'!$F$2:$F$316,B4) | E4: =AVERAGEIFS('12_多产线班次_模拟'!$J$2:$J$316,'12_多产线班次_模拟'!$C$2:$C$316,A4,'12_多产线班次_模拟'!$F$2:$F$316,B4) | F4: =AVERAGEIFS('12_多产线班次_模拟'!$K$2:$K$316,'12_多产线班次_模拟'!$C$2:$C$316,A4,'12_多产线班次_模拟'!$F$2:$F$316,B4) | G4: =AVERAGEIFS('12_多产线班次_模拟'!$L$2:$L$316,'12_多产线班次_模拟'!$C$2:$C$316,A4,'12_多产线班次_模拟'!$F$2:$F$316,B4) | H4: =AVERAGEIFS('12_多产线班次_模拟'!$R$2:$R$316,'12_多产线班次_模拟'!$C$2:$C$316,A4,'12_多产线班次_模拟'!$F$2:$F$316,B4)/60 | I4: =COUNTIFS('12_多产线班次_模拟'!$C$2:$C$316,A4,'12_多产线班次_模拟'!$F$2:$F$316,B4,'12_多产线班次_模拟'!$W$2:$W$316,"高") | J4: =COUNTIFS('14_多产线告警_模拟'!$D$2:$D$910,A4,'14_多产线告警_模拟'!$E$2:$E$910,B4)
A5: LINE-S01 | B5: 改善后 | C5: =COUNTIFS('12_多产线班次_模拟'!$C$2:$C$316,A5,'12_多产线班次_模拟'!$F$2:$F$316,B5) | D5: =AVERAGEIFS('12_多产线班次_模拟'!$M$2:$M$316,'12_多产线班次_模拟'!$C$2:$C$316,A5,'12_多产线班次_模拟'!$F$2:$F$316,B5) | E5: =AVERAGEIFS('12_多产线班次_模拟'!$J$2:$J$316,'12_多产线班次_模拟'!$C$2:$C$316,A5,'12_多产线班次_模拟'!$F$2:$F$316,B5) | F5: =AVERAGEIFS('12_多产线班次_模拟'!$K$2:$K$316,'12_多产线班次_模拟'!$C$2:$C$316,A5,'12_多产线班次_模拟'!$F$2:$F$316,B5) | G5: =AVERAGEIFS('12_多产线班次_模拟'!$L$2:$L$316,'12_多产线班次_模拟'!$C$2:$C$316,A5,'12_多产线班次_模拟'!$F$2:$F$316,B5) | H5: =AVERAGEIFS('12_多产线班次_模拟'!$R$2:$R$316,'12_多产线班次_模拟'!$C$2:$C$316,A5,'12_多产线班次_模拟'!$F$2:$F$316,B5)/60 | I5: =COUNTIFS('12_多产线班次_模拟'!$C$2:$C$316,A5,'12_多产线班次_模拟'!$F$2:$F$316,B5,'12_多产线班次_模拟'!$W$2:$W$316,"高") | J5: =COUNTIFS('14_多产线告警_模拟'!$D$2:$D$910,A5,'14_多产线告警_模拟'!$E$2:$E$910,B5)
A6: LINE-S02 | B6: 改善前 | C6: =COUNTIFS('12_多产线班次_模拟'!$C$2:$C$316,A6,'12_多产线班次_模拟'!$F$2:$F$316,B6) | D6: =AVERAGEIFS('12_多产线班次_模拟'!$M$2:$M$316,'12_多产线班次_模拟'!$C$2:$C$316,A6,'12_多产线班次_模拟'!$F$2:$F$316,B6) | E6: =AVERAGEIFS('12_多产线班次_模拟'!$J$2:$J$316,'12_多产线班次_模拟'!$C$2:$C$316,A6,'12_多产线班次_模拟'!$F$2:$F$316,B6) | F6: =AVERAGEIFS('12_多产线班次_模拟'!$K$2:$K$316,'12_多产线班次_模拟'!$C$2:$C$316,A6,'12_多产线班次_模拟'!$F$2:$F$316,B6) | G6: =AVERAGEIFS('12_多产线班次_模拟'!$L$2:$L$316,'12_多产线班次_模拟'!$C$2:$C$316,A6,'12_多产线班次_模拟'!$F$2:$F$316,B6) | H6: =AVERAGEIFS('12_多产线班次_模拟'!$R$2:$R$316,'12_多产线班次_模拟'!$C$2:$C$316,A6,'12_多产线班次_模拟'!$F$2:$F$316,B6)/60 | I6: =COUNTIFS('12_多产线班次_模拟'!$C$2:$C$316,A6,'12_多产线班次_模拟'!$F$2:$F$316,B6,'12_多产线班次_模拟'!$W$2:$W$316,"高") | J6: =COUNTIFS('14_多产线告警_模拟'!$D$2:$D$910,A6,'14_多产线告警_模拟'!$E$2:$E$910,B6)
A7: LINE-S02 | B7: 改善后 | C7: =COUNTIFS('12_多产线班次_模拟'!$C$2:$C$316,A7,'12_多产线班次_模拟'!$F$2:$F$316,B7) | D7: =AVERAGEIFS('12_多产线班次_模拟'!$M$2:$M$316,'12_多产线班次_模拟'!$C$2:$C$316,A7,'12_多产线班次_模拟'!$F$2:$F$316,B7) | E7: =AVERAGEIFS('12_多产线班次_模拟'!$J$2:$J$316,'12_多产线班次_模拟'!$C$2:$C$316,A7,'12_多产线班次_模拟'!$F$2:$F$316,B7) | F7: =AVERAGEIFS('12_多产线班次_模拟'!$K$2:$K$316,'12_多产线班次_模拟'!$C$2:$C$316,A7,'12_多产线班次_模拟'!$F$2:$F$316,B7) | G7: =AVERAGEIFS('12_多产线班次_模拟'!$L$2:$L$316,'12_多产线班次_模拟'!$C$2:$C$316,A7,'12_多产线班次_模拟'!$F$2:$F$316,B7) | H7: =AVERAGEIFS('12_多产线班次_模拟'!$R$2:$R$316,'12_多产线班次_模拟'!$C$2:$C$316,A7,'12_多产线班次_模拟'!$F$2:$F$316,B7)/60 | I7: =COUNTIFS('12_多产线班次_模拟'!$C$2:$C$316,A7,'12_多产线班次_模拟'!$F$2:$F$316,B7,'12_多产线班次_模拟'!$W$2:$W$316,"高") | J7: =COUNTIFS('14_多产线告警_模拟'!$D$2:$D$910,A7,'14_多产线告警_模拟'!$E$2:$E$910,B7)
A8: LINE-S03 | B8: 改善前 | C8: =COUNTIFS('12_多产线班次_模拟'!$C$2:$C$316,A8,'12_多产线班次_模拟'!$F$2:$F$316,B8) | D8: =AVERAGEIFS('12_多产线班次_模拟'!$M$2:$M$316,'12_多产线班次_模拟'!$C$2:$C$316,A8,'12_多产线班次_模拟'!$F$2:$F$316,B8) | E8: =AVERAGEIFS('12_多产线班次_模拟'!$J$2:$J$316,'12_多产线班次_模拟'!$C$2:$C$316,A8,'12_多产线班次_模拟'!$F$2:$F$316,B8) | F8: =AVERAGEIFS('12_多产线班次_模拟'!$K$2:$K$316,'12_多产线班次_模拟'!$C$2:$C$316,A8,'12_多产线班次_模拟'!$F$2:$F$316,B8) | G8: =AVERAGEIFS('12_多产线班次_模拟'!$L$2:$L$316,'12_多产线班次_模拟'!$C$2:$C$316,A8,'12_多产线班次_模拟'!$F$2:$F$316,B8) | H8: =AVERAGEIFS('12_多产线班次_模拟'!$R$2:$R$316,'12_多产线班次_模拟'!$C$2:$C$316,A8,'12_多产线班次_模拟'!$F$2:$F$316,B8)/60 | I8: =COUNTIFS('12_多产线班次_模拟'!$C$2:$C$316,A8,'12_多产线班次_模拟'!$F$2:$F$316,B8,'12_多产线班次_模拟'!$W$2:$W$316,"高") | J8: =COUNTIFS('14_多产线告警_模拟'!$D$2:$D$910,A8,'14_多产线告警_模拟'!$E$2:$E$910,B8)
A9: LINE-S03 | B9: 改善后 | C9: =COUNTIFS('12_多产线班次_模拟'!$C$2:$C$316,A9,'12_多产线班次_模拟'!$F$2:$F$316,B9) | D9: =AVERAGEIFS('12_多产线班次_模拟'!$M$2:$M$316,'12_多产线班次_模拟'!$C$2:$C$316,A9,'12_多产线班次_模拟'!$F$2:$F$316,B9) | E9: =AVERAGEIFS('12_多产线班次_模拟'!$J$2:$J$316,'12_多产线班次_模拟'!$C$2:$C$316,A9,'12_多产线班次_模拟'!$F$2:$F$316,B9) | F9: =AVERAGEIFS('12_多产线班次_模拟'!$K$2:$K$316,'12_多产线班次_模拟'!$C$2:$C$316,A9,'12_多产线班次_模拟'!$F$2:$F$316,B9) | G9: =AVERAGEIFS('12_多产线班次_模拟'!$L$2:$L$316,'12_多产线班次_模拟'!$C$2:$C$316,A9,'12_多产线班次_模拟'!$F$2:$F$316,B9) | H9: =AVERAGEIFS('12_多产线班次_模拟'!$R$2:$R$316,'12_多产线班次_模拟'!$C$2:$C$316,A9,'12_多产线班次_模拟'!$F$2:$F$316,B9)/60 | I9: =COUNTIFS('12_多产线班次_模拟'!$C$2:$C$316,A9,'12_多产线班次_模拟'!$F$2:$F$316,B9,'12_多产线班次_模拟'!$W$2:$W$316,"高") | J9: =COUNTIFS('14_多产线告警_模拟'!$D$2:$D$910,A9,'14_多产线告警_模拟'!$E$2:$E$910,B9)
A12: 校验项 | B12: 期望值 | C12: 实际值 | D12: 结果
A13: 真实来源班次数 | B13: 105 | C13: 105 | D13: 通过
A14: 模拟产线数 | B14: 3 | C14: 3 | D14: 通过
A15: 模拟班次数 | B15: 315 | C15: 315 | D15: 通过
A16: 每源班次对应模拟线数 | B16: 3 | C16: 3 | D16: 通过
A17: 模拟停机事件数 | B17: 3525 | C17: 3525 | D17: 通过
A18: 告警记录数 | B18: 909 | C18: 909 | D18: 通过
A20: 规则编号 | B20: 对象 | C20: 计算逻辑 | D20: 稳态基准线 | E20: 设备瓶颈线 | F20: 质量波动线 | G20: 可审计字段 | H20: 说明
A21: SIM-01 | B21: 开动率 | C21: 源开动率+阶段偏移+确定性扰动 | D21: +2.0%/+2.5% | E21: -6.0%/-2.5% | F21: +0.5%/+1.5% | G21: SourceShiftID | H21: 斜杠前后分别为改善前/后
A22: SIM-02 | B22: 性能率 | C22: 源性能率+阶段偏移+确定性扰动 | D22: +1.0%/+1.5% | E22: -0.5%/+0.5% | F22: -2.5%/-1.0% | G22: 模拟版本 | H22: 保留源数据分布形态
A23: SIM-03 | B23: 质量率 | C23: 源质量率+阶段偏移+确定性扰动 | D23: 0/+0.1% | E23: +0.1%/+0.2% | F23: -2.5%/-1.0% | G23: 生成规则摘要 | H23: 质量波动线形成明确画像
A24: SIM-04 | B24: 停机事件 | C24: 源持续时间×场景系数×工位系数 | D24: 整体收敛 | E24: 关键设备放大 | F24: 物料/上下料放大 | G24: SourceStopEventID | H24: 事件级追溯
A25: SIM-05 | B25: 告警 | C25: 固定阈值规则生成并路由智能体 | D25: 生产诊断 | E25: 设备诊断 | F25: 质量分析 | G25: EventID | H25: 高风险需要人工确认
A27: --- v3 5M1E 第一阶段验收 (SIM-v2.2-20260807-20260805) ---
A28: 校验项 | B28: 期望值 | C28: 实际值 | D28: 结果 | E28: 说明
A29: 18表换产规则数 | B29: 3 | C29: 3 | D29: PASS | E29: MATERIAL CHANGEOVER / WIRE ROLL / OTHER CALIBRATION
A30: 02表换产事件数 | B30: 175 | C30: 175 | D30: PASS | E30: 达标87 / 轻微超时41 / 超时35 / 严重超时12
A31: 13表模拟换产事件数 | B31: 525 | C31: 525 | D31: PASS | E31: 达标258 / 轻微超时139 / 超时91 / 严重超时37
A32: 16表行数 | B32: 1575 | C32: 1575 | D32: PASS | E32: 315 SimShiftID × 5 不良类型
A33: 16表不良数量守恒异常数 | B33: 0 | C33: 0 | D33: PASS | E33: 每班次不良数量之和=总产量-复算良品数
A34: 16表占比守恒异常数 | B34: 0 | C34: 0 | D34: PASS | E34: 第五类余数法，严格等于100%
A35: 17表行数 | B35: 45 | C35: 45 | D35: PASS | E35: 与04表冻结记录1:1对齐
A36: 17表冻结数量合计 | B36: 6000 | C36: 6000 | D36: PASS | E36: 与04表冻结总量一致
A37: 17表人工确认字段 | B37: 5列 | C37: 5列 | D37: PASS | E37: 风险等级/需要人工确认/确认状态/确认人/确认时间
A38: 02表原持续时间修改数 | B38: 0 | C38: 0 | D38: PASS | E38: 仅新增列，未修改M列
A39: 13表原持续时间修改数 | B39: 0 | C39: 0 | D39: PASS | E39: 仅新增列，未修改Q列
... A42: 数据性质标注 | B42: 团队模拟数据 | C42: 团队模拟数据 | D42: PASS | E42: 所有新增表/列均标注

Sheet 16_不良类型_模拟
A1: DefectDetailID | B1: SimShiftID | C1: SourceShiftID | D1: LineID | E1: 阶段 | F1: 班次日期 | G1: 演示产品族 | H1: 不良类型 | I1: 不良数量 | J1: 不良占比 | K1: 推定发生工位 | L1: 推定原因类别 | M1: 责任岗位 | N1: 需要人工确认 | O1: 数据性质 | P1: 模拟版本 | Q1: 生成规则摘要
A2: DEF-00001 | B2: LINE-S01-PRE-20250922 | C2: SHIFT-PRE-20250922 | D2: LINE-S01 | E2: 改善前 | F2: 45922 | G2: 智能终端系列 | H2: 外观不良 | I2: 14 | J2: 0.14583333 | K2: 注塑工位 | L2: 表面缺陷 | M2: 质量工程师 | N2: 否 | O2: 团队模拟数据 | P2: SIM-v2.2-20260807-20260805 | Q2: 按LINE-S01确定性比例分配: 外观15%/尺寸25%/功能25%/电气25%/其他余数; 良品=ROUND(总产量×质量率,0)=36415, 不良=96
A3: DEF-00002 | B3: LINE-S01-PRE-20250922 | C3: SHIFT-PRE-20250922 | D3: LINE-S01 | E3: 改善前 | F3: 45922 | G3: 智能终端系列 | H3: 尺寸超差 | I3: 24 | J3: 0.25 | K3: 成型工位 | L3: 工艺偏移 | M3: 质量工程师 | N3: 否 | O3: 团队模拟数据 | P3: SIM-v2.2-20260807-20260805 | Q3: 按LINE-S01确定性比例分配: 外观15%/尺寸25%/功能25%/电气25%/其他余数; 良品=ROUND(总产量×质量率,0)=36415, 不良=96
A4: DEF-00003 | B4: LINE-S01-PRE-20250922 | C4: SHIFT-PRE-20250922 | D4: LINE-S01 | E4: 改善前 | F4: 45922 | G4: 智能终端系列 | H4: 功能失效 | I4: 24 | J4: 0.25 | K4: 测试工位 | L4: 元器件异常 | M4: 质量工程师 | N4: 否 | O4: 团队模拟数据 | P4: SIM-v2.2-20260807-20260805 | Q4: 按LINE-S01确定性比例分配: 外观15%/尺寸25%/功能25%/电气25%/其他余数; 良品=ROUND(总产量×质量率,0)=36415, 不良=96
A5: DEF-00004 | B5: LINE-S01-PRE-20250922 | C5: SHIFT-PRE-20250922 | D5: LINE-S01 | E5: 改善前 | F5: 45922 | G5: 智能终端系列 | H5: 电气不良 | I5: 24 | J5: 0.25 | K5: 焊接工位 | L5: 焊接缺陷 | M5: 质量工程师 | N5: 否 | O5: 团队模拟数据 | P5: SIM-v2.2-20260807-20260805 | Q5: 按LINE-S01确定性比例分配: 外观15%/尺寸25%/功能25%/电气25%/其他余数; 良品=ROUND(总产量×质量率,0)=36415, 不良=96
A6: DEF-00005 | B6: LINE-S01-PRE-20250922 | C6: SHIFT-PRE-20250922 | D6: LINE-S01 | E6: 改善前 | F6: 45922 | G6: 智能终端系列 | H6: 其他不良 | I6: 10 | J6: 0.10416667 | K6: 包装工位 | L6: 综合因素 | M6: 生产主管 | N6: 否 | O6: 团队模拟数据 | P6: SIM-v2.2-20260807-20260805 | Q6: 按LINE-S01确定性比例分配: 外观15%/尺寸25%/功能25%/电气25%/其他余数; 良品=ROUND(总产量×质量率,0)=36415, 不良=96
A7: DEF-00006 | B7: LINE-S02-PRE-20250922 | C7: SHIFT-PRE-20250922 | D7: LINE-S02 | E7: 改善前 | F7: 45922 | G7: 视觉设备系列 | H7: 外观不良 | I7: 2 | J7: 0.11764706 | K7: 注塑工位 | L7: 表面缺陷 | M7: 质量工程师 | N7: 否 | O7: 团队模拟数据 | P7: SIM-v2.2-20260807-20260805 | Q7: 按LINE-S02确定性比例分配: 外观12%/尺寸15%/功能32%/电气28%/其他余数; 良品=ROUND(总产量×质量率,0)=33610, 不良=17
A8: DEF-00007 | B8: LINE-S02-PRE-20250922 | C8: SHIFT-PRE-20250922 | D8: LINE-S02 | E8: 改善前 | F8: 45922 | G8: 视觉设备系列 | H8: 尺寸超差 | I8: 3 | J8: 0.17647059 | K8: 成型工位 | L8: 工艺偏移 | M8: 质量工程师 | N8: 否 | O8: 团队模拟数据 | P8: SIM-v2.2-20260807-20260805 | Q8: 按LINE-S02确定性比例分配: 外观12%/尺寸15%/功能32%/电气28%/其他余数; 良品=ROUND(总产量×质量率,0)=33610, 不良=17
A9: DEF-00008 | B9: LINE-S02-PRE-20250922 | C9: SHIFT-PRE-20250922 | D9: LINE-S02 | E9: 改善前 | F9: 45922 | G9: 视觉设备系列 | H9: 功能失效 | I9: 5 | J9: 0.29411765 | K9: 测试工位 | L9: 元器件异常 | M9: 质量工程师 | N9: 否 | O9: 团队模拟数据 | P9: SIM-v2.2-20260807-20260805 | Q9: 按LINE-S02确定性比例分配: 外观12%/尺寸15%/功能32%/电气28%/其他余数; 良品=ROUND(总产量×质量率,0)=33610, 不良=17
A10: DEF-00009 | B10: LINE-S02-PRE-20250922 | C10: SHIFT-PRE-20250922 | D10: LINE-S02 | E10: 改善前 | F10: 45922 | G10: 视觉设备系列 | H10: 电气不良 | I10: 5 | J10: 0.29411765 | K10: 焊接工位 | L10: 焊接缺陷 | M10: 质量工程师 | N10: 否 | O10: 团队模拟数据 | P10: SIM-v2.2-20260807-20260805 | Q10: 按LINE-S02确定性比例分配: 外观12%/尺寸15%/功能32%/电气28%/其他余数; 良品=ROUND(总产量×质量率,0)=33610, 不良=17
A11: DEF-00010 | B11: LINE-S02-PRE-20250922 | C11: SHIFT-PRE-20250922 | D11: LINE-S02 | E11: 改善前 | F11: 45922 | G11: 视觉设备系列 | H11: 其他不良 | I11: 2 | J11: 0.11764706 | K11: 包装工位 | L11: 综合因素 | M11: 生产主管 | N11: 否 | O11: 团队模拟数据 | P11: SIM-v2.2-20260807-20260805 | Q11: 按LINE-S02确定性比例分配: 外观12%/尺寸15%/功能32%/电气28%/其他余数; 良品=ROUND(总产量×质量率,0)=33610, 不良=17
A12: DEF-00011 | B12: LINE-S03-PRE-20250922 | C12: SHIFT-PRE-20250922 | D12: LINE-S03 | E12: 改善前 | F12: 45922 | G12: 音频模组系列 | H12: 外观不良 | I12: 336 | J12: 0.32030505 | K12: 注塑工位 | L12: 表面缺陷 | M12: 质量工程师 | N12: 是 | O12: 团队模拟数据 | P12: SIM-v2.2-20260807-20260805 | Q12: 按LINE-S03确定性比例分配: 外观32%/尺寸30%/功能15%/电气13%/其他余数; 良品=ROUND(总产量×质量率,0)=38835, 不良=1049
A13: DEF-00012 | B13: LINE-S03-PRE-20250922 | C13: SHIFT-PRE-20250922 | D13: LINE-S03 | E13: 改善前 | F13: 45922 | G13: 音频模组系列 | H13: 尺寸超差 | I13: 315 | J13: 0.30028599 | K13: 成型工位 | L13: 工艺偏移 | M13: 质量工程师 | N13: 是 | O13: 团队模拟数据 | P13: SIM-v2.2-20260807-20260805 | Q13: 按LINE-S03确定性比例分配: 外观32%/尺寸30%/功能15%/电气13%/其他余数; 良品=ROUND(总产量×质量率,0)=38835, 不良=1049
... A1576: DEF-01575 | B1576: LINE-S03-POST-20260403 | C1576: SHIFT-POST-20260403 | D1576: LINE-S03 | E1576: 改善后 | F1576: 46115 | G1576: 音频模组系列 | H1576: 其他不良 | I1576: 18 | J1576: 0.1011236 | K1576: 包装工位 | L1576: 综合因素 | M1576: 生产主管 | N1576: 否 | O1576: 团队模拟数据 | P1576: SIM-v2.2-20260807-20260805 | Q1576: 按LINE-S03确定性比例分配: 外观32%/尺寸30%/功能15%/电气13%/其他余数; 良品=ROUND(总产量×质量率,0)=6924, 不良=178

Sheet 17_质量冻结明细_模拟
A1: FreezeID | B1: BusinessKey | C1: EventID | D1: WorkOrderID | E1: OrderNo | F1: 物料编码 | G1: 物料名称 | H1: 冻结数量 | I1: 批次号 | J1: 供应商编码 | K1: 检验方式 | L1: 冻结原因 | M1: 关联不良类型 | N1: 检验结论 | O1: 处置建议 | P1: 责任岗位 | Q1: 状态 | R1: 解除冻结日期 | S1: 数据性质 | T1: 模拟版本 | U1: 生成规则摘要 | V1: 风险等级 | W1: 需要人工确认 | X1: 确认状态 | Y1: 确认人 | Z1: 确认时间
A2: FZ-0001 | B2: SO-2401-1-M-DISPLAY | C2: EVT-0001 | D2: WO-20250922-001 | E2: SO-2401 | F2: M-DISPLAY | G2: 显示模组 | H2: 80 | I2: B20250922-01 | K2: 抽检 | L2: 抽检不合格 | M2: 功能失效 | N2: 不合格 | O2: 全检该批次，隔离不合格品 | P2: 质量工程师 | Q2: 待分析 | S2: 团队模拟数据 | T2: SIM-v2.2-20260807-20260805 | U2: 物料=显示模组, 原因按序号取模分配(确定性), 批次号按生产日期+序号, 供应商编码仅供应原因填写 | V2: =IFERROR(VLOOKUP(B2,'04_订单物料_模拟'!$A:$AA,25,FALSE),"高") | W2: =IF(AND(V2="高",Q2<>"已解除"),"是","否") | X2: =IF(W2="是","待确认","无需确认")
A3: FZ-0004 | B3: SO-2408-1-M-DISPLAY | C3: EVT-0008 | D3: WO-20251002-008 | E3: SO-2408 | F3: M-DISPLAY | G3: 显示模组 | H3: 100 | I3: B20251002-01 | K3: 全检 | L3: 功能测试失败 | M3: 功能失效 | N3: 不合格 | O3: 复检功能，分析失效原因 | P3: 质量工程师 | Q3: 处理中 | S3: 团队模拟数据 | T3: SIM-v2.2-20260807-20260805 | U3: 物料=显示模组, 原因按序号取模分配(确定性), 批次号按生产日期+序号, 供应商编码仅供应原因填写 | V3: =IFERROR(VLOOKUP(B3,'04_订单物料_模拟'!$A:$AA,25,FALSE),"高") | W3: =IF(AND(V3="高",Q3<>"已解除"),"是","否") | X3: =IF(W3="是","待确认","无需确认")
A4: FZ-0007 | B4: SO-2415-1-M-DISPLAY | C4: EVT-0015 | D4: WO-20251013-015 | E4: SO-2415 | F4: M-DISPLAY | G4: 显示模组 | H4: 120 | I4: B20251013-01 | K4: 抽检 | L4: 外观不良 | M4: 外观不良 | N4: 不合格 | O4: 分选外观，返工或降级 | P4: 质量工程师 | Q4: 待复检 | S4: 团队模拟数据 | T4: SIM-v2.2-20260807-20260805 | U4: 物料=显示模组, 原因按序号取模分配(确定性), 批次号按生产日期+序号, 供应商编码仅供应原因填写 | V4: =IFERROR(VLOOKUP(B4,'04_订单物料_模拟'!$A:$AA,25,FALSE),"高") | W4: =IF(AND(V4="高",Q4<>"已解除"),"是","否") | X4: =IF(W4="是","待确认","无需确认")
A5: FZ-0010 | B5: SO-2422-1-M-DISPLAY | C5: EVT-0022 | D5: WO-20251022-022 | E5: SO-2422 | F5: M-DISPLAY | G5: 显示模组 | H5: 90 | I5: B20251022-01 | K5: 抽检 | L5: 抽检不合格 | M5: 功能失效 | N5: 不合格 | O5: 全检该批次，隔离不合格品 | P5: 质量工程师 | Q5: 已解除 | R5: 45954 | S5: 团队模拟数据 | T5: SIM-v2.2-20260807-20260805 | U5: 物料=显示模组, 原因按序号取模分配(确定性), 批次号按生产日期+序号, 供应商编码仅供应原因填写 | V5: =IFERROR(VLOOKUP(B5,'04_订单物料_模拟'!$A:$AA,25,FALSE),"高") | W5: =IF(AND(V5="高",Q5<>"已解除"),"是","否") | X5: =IF(W5="是","待确认","无需确认")
A6: FZ-0013 | B6: SO-2429-1-M-DISPLAY | C6: EVT-0029 | D6: WO-20251103-029 | E6: SO-2429 | F6: M-DISPLAY | G6: 显示模组 | H6: 110 | I6: B20251103-01 | K6: 全检 | L6: 功能测试失败 | M6: 功能失效 | N6: 不合格 | O6: 复检功能，分析失效原因 | P6: 质量工程师 | Q6: 待分析 | S6: 团队模拟数据 | T6: SIM-v2.2-20260807-20260805 | U6: 物料=显示模组, 原因按序号取模分配(确定性), 批次号按生产日期+序号, 供应商编码仅供应原因填写 | V6: =IFERROR(VLOOKUP(B6,'04_订单物料_模拟'!$A:$AA,25,FALSE),"高") | W6: =IF(AND(V6="高",Q6<>"已解除"),"是","否") | X6: =IF(W6="是","待确认","无需确认")
A7: FZ-0016 | B7: SO-2436-1-M-DISPLAY | C7: EVT-0036 | D7: WO-20251112-036 | E7: SO-2436 | F7: M-DISPLAY | G7: 显示模组 | H7: 80 | I7: B20251112-01 | K7: 抽检 | L7: 外观不良 | M7: 外观不良 | N7: 不合格 | O7: 分选外观，返工或降级 | P7: 质量工程师 | Q7: 处理中 | S7: 团队模拟数据 | T7: SIM-v2.2-20260807-20260805 | U7: 物料=显示模组, 原因按序号取模分配(确定性), 批次号按生产日期+序号, 供应商编码仅供应原因填写 | V7: =IFERROR(VLOOKUP(B7,'04_订单物料_模拟'!$A:$AA,25,FALSE),"高") | W7: =IF(AND(V7="高",Q7<>"已解除"),"是","否") | X7: =IF(W7="是","待确认","无需确认")
A8: FZ-0019 | B8: SO-2443-1-M-DISPLAY | C8: EVT-0043 | D8: WO-20251121-043 | E8: SO-2443 | F8: M-DISPLAY | G8: 显示模组 | H8: 100 | I8: B20251121-01 | K8: 抽检 | L8: 抽检不合格 | M8: 功能失效 | N8: 不合格 | O8: 全检该批次，隔离不合格品 | P8: 质量工程师 | Q8: 待复检 | S8: 团队模拟数据 | T8: SIM-v2.2-20260807-20260805 | U8: 物料=显示模组, 原因按序号取模分配(确定性), 批次号按生产日期+序号, 供应商编码仅供应原因填写 | V8: =IFERROR(VLOOKUP(B8,'04_订单物料_模拟'!$A:$AA,25,FALSE),"高") | W8: =IF(AND(V8="高",Q8<>"已解除"),"是","否") | X8: =IF(W8="是","待确认","无需确认")
A9: FZ-0022 | B9: SO-2450-1-M-DISPLAY | C9: EVT-0050 | D9: WO-20251202-050 | E9: SO-2450 | F9: M-DISPLAY | G9: 显示模组 | H9: 120 | I9: B20251202-01 | K9: 全检 | L9: 功能测试失败 | M9: 功能失效 | N9: 不合格 | O9: 复检功能，分析失效原因 | P9: 质量工程师 | Q9: 已解除 | R9: 45995 | S9: 团队模拟数据 | T9: SIM-v2.2-20260807-20260805 | U9: 物料=显示模组, 原因按序号取模分配(确定性), 批次号按生产日期+序号, 供应商编码仅供应原因填写 | V9: =IFERROR(VLOOKUP(B9,'04_订单物料_模拟'!$A:$AA,25,FALSE),"高") | W9: =IF(AND(V9="高",Q9<>"已解除"),"是","否") | X9: =IF(W9="是","待确认","无需确认")
A10: FZ-0025 | B10: SO-2457-1-M-DISPLAY | C10: EVT-0057 | D10: WO-20251211-057 | E10: SO-2457 | F10: M-DISPLAY | G10: 显示模组 | H10: 90 | I10: B20251211-01 | K10: 抽检 | L10: 外观不良 | M10: 外观不良 | N10: 不合格 | O10: 分选外观，返工或降级 | P10: 质量工程师 | Q10: 待分析 | S10: 团队模拟数据 | T10: SIM-v2.2-20260807-20260805 | U10: 物料=显示模组, 原因按序号取模分配(确定性), 批次号按生产日期+序号, 供应商编码仅供应原因填写 | V10: =IFERROR(VLOOKUP(B10,'04_订单物料_模拟'!$A:$AA,25,FALSE),"高") | W10: =IF(AND(V10="高",Q10<>"已解除"),"是","否") | X10: =IF(W10="是","待确认","无需确认")
A11: FZ-0028 | B11: SO-2464-1-M-DISPLAY | C11: EVT-0064 | D11: WO-20260202-064 | E11: SO-2464 | F11: M-DISPLAY | G11: 显示模组 | H11: 110 | I11: B20260202-01 | K11: 抽检 | L11: 抽检不合格 | M11: 功能失效 | N11: 不合格 | O11: 全检该批次，隔离不合格品 | P11: 质量工程师 | Q11: 处理中 | S11: 团队模拟数据 | T11: SIM-v2.2-20260807-20260805 | U11: 物料=显示模组, 原因按序号取模分配(确定性), 批次号按生产日期+序号, 供应商编码仅供应原因填写 | V11: =IFERROR(VLOOKUP(B11,'04_订单物料_模拟'!$A:$AA,25,FALSE),"高") | W11: =IF(AND(V11="高",Q11<>"已解除"),"是","否") | X11: =IF(W11="是","待确认","无需确认")
A12: FZ-0031 | B12: SO-2471-1-M-DISPLAY | C12: EVT-0071 | D12: WO-20260211-071 | E12: SO-2471 | F12: M-DISPLAY | G12: 显示模组 | H12: 80 | I12: B20260211-01 | K12: 全检 | L12: 功能测试失败 | M12: 功能失效 | N12: 不合格 | O12: 复检功能，分析失效原因 | P12: 质量工程师 | Q12: 待复检 | S12: 团队模拟数据 | T12: SIM-v2.2-20260807-20260805 | U12: 物料=显示模组, 原因按序号取模分配(确定性), 批次号按生产日期+序号, 供应商编码仅供应原因填写 | V12: =IFERROR(VLOOKUP(B12,'04_订单物料_模拟'!$A:$AA,25,FALSE),"高") | W12: =IF(AND(V12="高",Q12<>"已解除"),"是","否") | X12: =IF(W12="是","待确认","无需确认")
A13: FZ-0034 | B13: SO-2478-1-M-DISPLAY | C13: EVT-0078 | D13: WO-20260220-078 | E13: SO-2478 | F13: M-DISPLAY | G13: 显示模组 | H13: 100 | I13: B20260220-01 | K13: 抽检 | L13: 外观不良 | M13: 外观不良 | N13: 不合格 | O13: 分选外观，返工或降级 | P13: 质量工程师 | Q13: 已解除 | R13: 46075 | S13: 团队模拟数据 | T13: SIM-v2.2-20260807-20260805 | U13: 物料=显示模组, 原因按序号取模分配(确定性), 批次号按生产日期+序号, 供应商编码仅供应原因填写 | V13: =IFERROR(VLOOKUP(B13,'04_订单物料_模拟'!$A:$AA,25,FALSE),"高") | W13: =IF(AND(V13="高",Q13<>"已解除"),"是","否") | X13: =IF(W13="是","待确认","无需确认")
A14: FZ-0037 | B14: SO-2485-1-M-DISPLAY | C14: EVT-0085 | D14: WO-20260304-085 | E14: SO-2485 | F14: M-DISPLAY | G14: 显示模组 | H14: 120 | I14: B20260304-01 | K14: 抽检 | L14: 抽检不合格 | M14: 功能失效 | N14: 不合格 | O14: 全检该批次，隔离不合格品 | P14: 质量工程师 | Q14: 待分析 | S14: 团队模拟数据 | T14: SIM-v2.2-20260807-20260805 | U14: 物料=显示模组, 原因按序号取模分配(确定性), 批次号按生产日期+序号, 供应商编码仅供应原因填写 | V14: =IFERROR(VLOOKUP(B14,'04_订单物料_模拟'!$A:$AA,25,FALSE),"高") | W14: =IF(AND(V14="高",Q14<>"已解除"),"是","否") | X14: =IF(W14="是","待确认","无需确认")
A15: FZ-0040 | B15: SO-2492-1-M-DISPLAY | C15: EVT-0092 | D15: WO-20260313-092 | E15: SO-2492 | F15: M-DISPLAY | G15: 显示模组 | H15: 90 | I15: B20260313-01 | K15: 全检 | L15: 功能测试失败 | M15: 功能失效 | N15: 不合格 | O15: 复检功能，分析失效原因 | P15: 质量工程师 | Q15: 处理中 | S15: 团队模拟数据 | T15: SIM-v2.2-20260807-20260805 | U15: 物料=显示模组, 原因按序号取模分配(确定性), 批次号按生产日期+序号, 供应商编码仅供应原因填写 | V15: =IFERROR(VLOOKUP(B15,'04_订单物料_模拟'!$A:$AA,25,FALSE),"高") | W15: =IF(AND(V15="高",Q15<>"已解除"),"是","否") | X15: =IF(W15="是","待确认","无需确认")
A16: FZ-0043 | B16: SO-2499-1-M-DISPLAY | C16: EVT-0099 | D16: WO-20260324-099 | E16: SO-2499 | F16: M-DISPLAY | G16: 显示模组 | H16: 110 | I16: B20260324-01 | K16: 抽检 | L16: 外观不良 | M16: 外观不良 | N16: 不合格 | O16: 分选外观，返工或降级 | P16: 质量工程师 | Q16: 待复检 | S16: 团队模拟数据 | T16: SIM-v2.2-20260807-20260805 | U16: 物料=显示模组, 原因按序号取模分配(确定性), 批次号按生产日期+序号, 供应商编码仅供应原因填写 | V16: =IFERROR(VLOOKUP(B16,'04_订单物料_模拟'!$A:$AA,25,FALSE),"高") | W16: =IF(AND(V16="高",Q16<>"已解除"),"是","否") | X16: =IF(W16="是","待确认","无需确认")
A17: FZ-0003 | B17: SO-2407-2-M-PCBA | C17: EVT-0007 | D17: WO-20250930-007 | E17: SO-2407 | F17: M-PCBA | G17: 主板组件 | H17: 90 | I17: B20250930-01 | J17: SUP-PCBA-01 | K17: 来料抽检 | L17: 来料质量异常 | M17: 电气不良 | N17: 来料不合格 | O17: 退回供应商，申请换货 | P17: 供应链负责人 | Q17: 待分析 | S17: 团队模拟数据 | T17: SIM-v2.2-20260807-20260805 | U17: 物料=主板组件, 原因按序号取模分配(确定性), 批次号按生产日期+序号, 供应商编码仅供应原因填写 | V17: =IFERROR(VLOOKUP(B17,'04_订单物料_模拟'!$A:$AA,25,FALSE),"高") | W17: =IF(AND(V17="高",Q17<>"已解除"),"是","否") | X17: =IF(W17="是","待确认","无需确认")
A18: FZ-0006 | B18: SO-2414-2-M-PCBA | C18: EVT-0014 | D18: WO-20251010-014 | E18: SO-2414 | F18: M-PCBA | G18: 主板组件 | H18: 110 | I18: B20251010-01 | K18: 全检 | L18: 电气性能异常 | M18: 电气不良 | N18: 不合格 | O18: 复测电气参数，排查焊接 | P18: 质量工程师 | Q18: 处理中 | S18: 团队模拟数据 | T18: SIM-v2.2-20260807-20260805 | U18: 物料=主板组件, 原因按序号取模分配(确定性), 批次号按生产日期+序号, 供应商编码仅供应原因填写 | V18: =IFERROR(VLOOKUP(B18,'04_订单物料_模拟'!$A:$AA,25,FALSE),"高") | W18: =IF(AND(V18="高",Q18<>"已解除"),"是","否") | X18: =IF(W18="是","待确认","无需确认")
A19: FZ-0009 | B19: SO-2421-2-M-PCBA | C19: EVT-0021 | D19: WO-20251021-021 | E19: SO-2421 | F19: M-PCBA | G19: 主板组件 | H19: 80 | I19: B20251021-01 | K19: 全检 | L19: 功能测试失败 | M19: 功能失效 | N19: 不合格 | O19: 复检功能，分析失效原因 | P19: 质量工程师 | Q19: 待复检 | S19: 团队模拟数据 | T19: SIM-v2.2-20260807-20260805 | U19: 物料=主板组件, 原因按序号取模分配(确定性), 批次号按生产日期+序号, 供应商编码仅供应原因填写 | V19: =IFERROR(VLOOKUP(B19,'04_订单物料_模拟'!$A:$AA,25,FALSE),"高") | W19: =IF(AND(V19="高",Q19<>"已解除"),"是","否") | X19: =IF(W19="是","待确认","无需确认")
A20: FZ-0012 | B20: SO-2428-2-M-PCBA | C20: EVT-0028 | D20: WO-20251031-028 | E20: SO-2428 | F20: M-PCBA | G20: 主板组件 | H20: 100 | I20: B20251031-01 | J20: SUP-PCBA-01 | K20: 来料抽检 | L20: 来料质量异常 | M20: 电气不良 | N20: 来料不合格 | O20: 退回供应商，申请换货 | P20: 供应链负责人 | Q20: 已解除 | R20: 45963 | S20: 团队模拟数据 | T20: SIM-v2.2-20260807-20260805 | U20: 物料=主板组件, 原因按序号取模分配(确定性), 批次号按生产日期+序号, 供应商编码仅供应原因填写 | V20: =IFERROR(VLOOKUP(B20,'04_订单物料_模拟'!$A:$AA,25,FALSE),"高") | W20: =IF(AND(V20="高",Q20<>"已解除"),"是","否") | X20: =IF(W20="是","待确认","无需确认")
A21: FZ-0015 | B21: SO-2435-2-M-PCBA | C21: EVT-0035 | D21: WO-20251111-035 | E21: SO-2435 | F21: M-PCBA | G21: 主板组件 | H21: 120 | I21: B20251111-01 | K21: 全检 | L21: 电气性能异常 | M21: 电气不良 | N21: 不合格 | O21: 复测电气参数，排查焊接 | P21: 质量工程师 | Q21: 待分析 | S21: 团队模拟数据 | T21: SIM-v2.2-20260807-20260805 | U21: 物料=主板组件, 原因按序号取模分配(确定性), 批次号按生产日期+序号, 供应商编码仅供应原因填写 | V21: =IFERROR(VLOOKUP(B21,'04_订单物料_模拟'!$A:$AA,25,FALSE),"高") | W21: =IF(AND(V21="高",Q21<>"已解除"),"是","否") | X21: =IF(W21="是","待确认","无需确认")
A22: FZ-0018 | B22: SO-2442-2-M-PCBA | C22: EVT-0042 | D22: WO-20251120-042 | E22: SO-2442 | F22: M-PCBA | G22: 主板组件 | H22: 90 | I22: B20251120-01 | K22: 全检 | L22: 功能测试失败 | M22: 功能失效 | N22: 不合格 | O22: 复检功能，分析失效原因 | P22: 质量工程师 | Q22: 处理中 | S22: 团队模拟数据 | T22: SIM-v2.2-20260807-20260805 | U22: 物料=主板组件, 原因按序号取模分配(确定性), 批次号按生产日期+序号, 供应商编码仅供应原因填写 | V22: =IFERROR(VLOOKUP(B22,'04_订单物料_模拟'!$A:$AA,25,FALSE),"高") | W22: =IF(AND(V22="高",Q22<>"已解除"),"是","否") | X22: =IF(W22="是","待确认","无需确认")
A23: FZ-0021 | B23: SO-2449-2-M-PCBA | C23: EVT-0049 | D23: WO-20251201-049 | E23: SO-2449 | F23: M-PCBA | G23: 主板组件 | H23: 110 | I23: B20251201-01 | J23: SUP-PCBA-01 | K23: 来料抽检 | L23: 来料质量异常 | M23: 电气不良 | N23: 来料不合格 | O23: 退回供应商，申请换货 | P23: 供应链负责人 | Q23: 待复检 | S23: 团队模拟数据 | T23: SIM-v2.2-20260807-20260805 | U23: 物料=主板组件, 原因按序号取模分配(确定性), 批次号按生产日期+序号, 供应商编码仅供应原因填写 | V23: =IFERROR(VLOOKUP(B23,'04_订单物料_模拟'!$A:$AA,25,FALSE),"高") | W23: =IF(AND(V23="高",Q23<>"已解除"),"是","否") | X23: =IF(W23="是","待确认","无需确认")
A24: FZ-0024 | B24: SO-2456-2-M-PCBA | C24: EVT-0056 | D24: WO-20251210-056 | E24: SO-2456 | F24: M-PCBA | G24: 主板组件 | H24: 80 | I24: B20251210-01 | K24: 全检 | L24: 电气性能异常 | M24: 电气不良 | N24: 不合格 | O24: 复测电气参数，排查焊接 | P24: 质量工程师 | Q24: 已解除 | R24: 46003 | S24: 团队模拟数据 | T24: SIM-v2.2-20260807-20260805 | U24: 物料=主板组件, 原因按序号取模分配(确定性), 批次号按生产日期+序号, 供应商编码仅供应原因填写 | V24: =IFERROR(VLOOKUP(B24,'04_订单物料_模拟'!$A:$AA,25,FALSE),"高") | W24: =IF(AND(V24="高",Q24<>"已解除"),"是","否") | X24: =IF(W24="是","待确认","无需确认")
A25: FZ-0027 | B25: SO-2463-2-M-PCBA | C25: EVT-0063 | D25: WO-20260130-063 | E25: SO-2463 | F25: M-PCBA | G25: 主板组件 | H25: 100 | I25: B20260130-01 | K25: 全检 | L25: 功能测试失败 | M25: 功能失效 | N25: 不合格 | O25: 复检功能，分析失效原因 | P25: 质量工程师 | Q25: 待分析 | S25: 团队模拟数据 | T25: SIM-v2.2-20260807-20260805 | U25: 物料=主板组件, 原因按序号取模分配(确定性), 批次号按生产日期+序号, 供应商编码仅供应原因填写 | V25: =IFERROR(VLOOKUP(B25,'04_订单物料_模拟'!$A:$AA,25,FALSE),"高") | W25: =IF(AND(V25="高",Q25<>"已解除"),"是","否") | X25: =IF(W25="是","待确认","无需确认")
A26: FZ-0030 | B26: SO-2470-2-M-PCBA | C26: EVT-0070 | D26: WO-20260210-070 | E26: SO-2470 | F26: M-PCBA | G26: 主板组件 | H26: 120 | I26: B20260210-01 | J26: SUP-PCBA-01 | K26: 来料抽检 | L26: 来料质量异常 | M26: 电气不良 | N26: 来料不合格 | O26: 退回供应商，申请换货 | P26: 供应链负责人 | Q26: 处理中 | S26: 团队模拟数据 | T26: SIM-v2.2-20260807-20260805 | U26: 物料=主板组件, 原因按序号取模分配(确定性), 批次号按生产日期+序号, 供应商编码仅供应原因填写 | V26: =IFERROR(VLOOKUP(B26,'04_订单物料_模拟'!$A:$AA,25,FALSE),"高") | W26: =IF(AND(V26="高",Q26<>"已解除"),"是","否") | X26: =IF(W26="是","待确认","无需确认")
A27: FZ-0033 | B27: SO-2477-2-M-PCBA | C27: EVT-0077 | D27: WO-20260219-077 | E27: SO-2477 | F27: M-PCBA | G27: 主板组件 | H27: 90 | I27: B20260219-01 | K27: 全检 | L27: 电气性能异常 | M27: 电气不良 | N27: 不合格 | O27: 复测电气参数，排查焊接 | P27: 质量工程师 | Q27: 待复检 | S27: 团队模拟数据 | T27: SIM-v2.2-20260807-20260805 | U27: 物料=主板组件, 原因按序号取模分配(确定性), 批次号按生产日期+序号, 供应商编码仅供应原因填写 | V27: =IFERROR(VLOOKUP(B27,'04_订单物料_模拟'!$A:$AA,25,FALSE),"高") | W27: =IF(AND(V27="高",Q27<>"已解除"),"是","否") | X27: =IF(W27="是","待确认","无需确认")
A28: FZ-0036 | B28: SO-2484-2-M-PCBA | C28: EVT-0084 | D28: WO-20260303-084 | E28: SO-2484 | F28: M-PCBA | G28: 主板组件 | H28: 110 | I28: B20260303-01 | K28: 全检 | L28: 功能测试失败 | M28: 功能失效 | N28: 不合格 | O28: 复检功能，分析失效原因 | P28: 质量工程师 | Q28: 已解除 | R28: 46086 | S28: 团队模拟数据 | T28: SIM-v2.2-20260807-20260805 | U28: 物料=主板组件, 原因按序号取模分配(确定性), 批次号按生产日期+序号, 供应商编码仅供应原因填写 | V28: =IFERROR(VLOOKUP(B28,'04_订单物料_模拟'!$A:$AA,25,FALSE),"高") | W28: =IF(AND(V28="高",Q28<>"已解除"),"是","否") | X28: =IF(W28="是","待确认","无需确认")
A29: FZ-0039 | B29: SO-2491-2-M-PCBA | C29: EVT-0091 | D29: WO-20260312-091 | E29: SO-2491 | F29: M-PCBA | G29: 主板组件 | H29: 80 | I29: B20260312-01 | J29: SUP-PCBA-01 | K29: 来料抽检 | L29: 来料质量异常 | M29: 电气不良 | N29: 来料不合格 | O29: 退回供应商，申请换货 | P29: 供应链负责人 | Q29: 待分析 | S29: 团队模拟数据 | T29: SIM-v2.2-20260807-20260805 | U29: 物料=主板组件, 原因按序号取模分配(确定性), 批次号按生产日期+序号, 供应商编码仅供应原因填写 | V29: =IFERROR(VLOOKUP(B29,'04_订单物料_模拟'!$A:$AA,25,FALSE),"高") | W29: =IF(AND(V29="高",Q29<>"已解除"),"是","否") | X29: =IF(W29="是","待确认","无需确认")
A30: FZ-0042 | B30: SO-2498-2-M-PCBA | C30: EVT-0098 | D30: WO-20260323-098 | E30: SO-2498 | F30: M-PCBA | G30: 主板组件 | H30: 100 | I30: B20260323-01 | K30: 全检 | L30: 电气性能异常 | M30: 电气不良 | N30: 不合格 | O30: 复测电气参数，排查焊接 | P30: 质量工程师 | Q30: 处理中 | S30: 团队模拟数据 | T30: SIM-v2.2-20260807-20260805 | U30: 物料=主板组件, 原因按序号取模分配(确定性), 批次号按生产日期+序号, 供应商编码仅供应原因填写 | V30: =IFERROR(VLOOKUP(B30,'04_订单物料_模拟'!$A:$AA,25,FALSE),"高") | W30: =IF(AND(V30="高",Q30<>"已解除"),"是","否") | X30: =IF(W30="是","待确认","无需确认")
A31: FZ-0045 | B31: SO-2505-2-M-PCBA | C31: EVT-0105 | D31: WO-20260403-105 | E31: SO-2505 | F31: M-PCBA | G31: 主板组件 | H31: 120 | I31: B20260403-01 | K31: 全检 | L31: 功能测试失败 | M31: 功能失效 | N31: 不合格 | O31: 复检功能，分析失效原因 | P31: 质量工程师 | Q31: 待复检 | S31: 团队模拟数据 | T31: SIM-v2.2-20260807-20260805 | U31: 物料=主板组件, 原因按序号取模分配(确定性), 批次号按生产日期+序号, 供应商编码仅供应原因填写 | V31: =IFERROR(VLOOKUP(B31,'04_订单物料_模拟'!$A:$AA,25,FALSE),"高") | W31: =IF(AND(V31="高",Q31<>"已解除"),"是","否") | X31: =IF(W31="是","待确认","无需确认")
A32: FZ-0002 | B32: SO-2406-3-M-HOUSING | C32: EVT-0006 | D32: WO-20250929-006 | E32: SO-2406 | F32: M-HOUSING | G32: 结构件 | H32: 160 | I32: B20250929-01 | K32: SPC监控 | L32: 工艺参数偏移 | M32: 尺寸超差 | N32: 过程偏移 | O32: 调整工艺参数，复检 | P32: 生产主管 | Q32: 待复检 | S32: 团队模拟数据 | T32: SIM-v2.2-20260807-20260805 | U32: 物料=结构件, 原因按序号取模分配(确定性), 批次号按生产日期+序号, 供应商编码仅供应原因填写; 高风险冻结，需人工确认 | V32: =IFERROR(VLOOKUP(B32,'04_订单物料_模拟'!$A:$AA,25,FALSE),"高") | W32: =IF(AND(V32="高",Q32<>"已解除"),"是","否") | X32: =IF(W32="是","待确认","无需确认")
A33: FZ-0005 | B33: SO-2413-3-M-HOUSING | C33: EVT-0013 | D33: WO-20251009-013 | E33: SO-2413 | F33: M-HOUSING | G33: 结构件 | H33: 200 | I33: B20251009-01 | K33: 全检 | L33: 尺寸超差 | M33: 尺寸超差 | N33: 不合格 | O33: 全检尺寸，返工超差件 | P33: 质量工程师 | Q33: 待复检 | S33: 团队模拟数据 | T33: SIM-v2.2-20260807-20260805 | U33: 物料=结构件, 原因按序号取模分配(确定性), 批次号按生产日期+序号, 供应商编码仅供应原因填写; 高风险冻结，需人工确认 | V33: =IFERROR(VLOOKUP(B33,'04_订单物料_模拟'!$A:$AA,25,FALSE),"高") | W33: =IF(AND(V33="高",Q33<>"已解除"),"是","否") | X33: =IF(W33="是","待确认","无需确认")
A34: FZ-0008 | B34: SO-2420-3-M-HOUSING | C34: EVT-0020 | D34: WO-20251020-020 | E34: SO-2420 | F34: M-HOUSING | G34: 结构件 | H34: 240 | I34: B20251020-01 | K34: 抽检 | L34: 抽检不合格 | M34: 功能失效 | N34: 不合格 | O34: 全检该批次，隔离不合格品 | P34: 质量工程师 | Q34: 待复检 | S34: 团队模拟数据 | T34: SIM-v2.2-20260807-20260805 | U34: 物料=结构件, 原因按序号取模分配(确定性), 批次号按生产日期+序号, 供应商编码仅供应原因填写; 高风险冻结，需人工确认 | V34: =IFERROR(VLOOKUP(B34,'04_订单物料_模拟'!$A:$AA,25,FALSE),"高") | W34: =IF(AND(V34="高",Q34<>"已解除"),"是","否") | X34: =IF(W34="是","待确认","无需确认")
A35: FZ-0011 | B35: SO-2427-3-M-HOUSING | C35: EVT-0027 | D35: WO-20251030-027 | E35: SO-2427 | F35: M-HOUSING | G35: 结构件 | H35: 180 | I35: B20251030-01 | K35: SPC监控 | L35: 工艺参数偏移 | M35: 尺寸超差 | N35: 过程偏移 | O35: 调整工艺参数，复检 | P35: 生产主管 | Q35: 已解除 | R35: 45962 | S35: 团队模拟数据 | T35: SIM-v2.2-20260807-20260805 | U35: 物料=结构件, 原因按序号取模分配(确定性), 批次号按生产日期+序号, 供应商编码仅供应原因填写; 高风险冻结，需人工确认 | V35: =IFERROR(VLOOKUP(B35,'04_订单物料_模拟'!$A:$AA,25,FALSE),"高") | W35: =IF(AND(V35="高",Q35<>"已解除"),"是","否") | X35: =IF(W35="是","待确认","无需确认")
A36: FZ-0014 | B36: SO-2434-3-M-HOUSING | C36: EVT-0034 | D36: WO-20251110-034 | E36: SO-2434 | F36: M-HOUSING | G36: 结构件 | H36: 220 | I36: B20251110-01 | K36: 全检 | L36: 尺寸超差 | M36: 尺寸超差 | N36: 不合格 | O36: 全检尺寸，返工超差件 | P36: 质量工程师 | Q36: 待复检 | S36: 团队模拟数据 | T36: SIM-v2.2-20260807-20260805 | U36: 物料=结构件, 原因按序号取模分配(确定性), 批次号按生产日期+序号, 供应商编码仅供应原因填写; 高风险冻结，需人工确认 | V36: =IFERROR(VLOOKUP(B36,'04_订单物料_模拟'!$A:$AA,25,FALSE),"高") | W36: =IF(AND(V36="高",Q36<>"已解除"),"是","否") | X36: =IF(W36="是","待确认","无需确认")
A37: FZ-0017 | B37: SO-2441-3-M-HOUSING | C37: EVT-0041 | D37: WO-20251119-041 | E37: SO-2441 | F37: M-HOUSING | G37: 结构件 | H37: 160 | I37: B20251119-01 | K37: 抽检 | L37: 抽检不合格 | M37: 功能失效 | N37: 不合格 | O37: 全检该批次，隔离不合格品 | P37: 质量工程师 | Q37: 待复检 | S37: 团队模拟数据 | T37: SIM-v2.2-20260807-20260805 | U37: 物料=结构件, 原因按序号取模分配(确定性), 批次号按生产日期+序号, 供应商编码仅供应原因填写; 高风险冻结，需人工确认 | V37: =IFERROR(VLOOKUP(B37,'04_订单物料_模拟'!$A:$AA,25,FALSE),"高") | W37: =IF(AND(V37="高",Q37<>"已解除"),"是","否") | X37: =IF(W37="是","待确认","无需确认")
A38: FZ-0020 | B38: SO-2448-3-M-HOUSING | C38: EVT-0048 | D38: WO-20251128-048 | E38: SO-2448 | F38: M-HOUSING | G38: 结构件 | H38: 200 | I38: B20251128-01 | K38: SPC监控 | L38: 工艺参数偏移 | M38: 尺寸超差 | N38: 过程偏移 | O38: 调整工艺参数，复检 | P38: 生产主管 | Q38: 待复检 | S38: 团队模拟数据 | T38: SIM-v2.2-20260807-20260805 | U38: 物料=结构件, 原因按序号取模分配(确定性), 批次号按生产日期+序号, 供应商编码仅供应原因填写; 高风险冻结，需人工确认 | V38: =IFERROR(VLOOKUP(B38,'04_订单物料_模拟'!$A:$AA,25,FALSE),"高") | W38: =IF(AND(V38="高",Q38<>"已解除"),"是","否") | X38: =IF(W38="是","待确认","无需确认")
A39: FZ-0023 | B39: SO-2455-3-M-HOUSING | C39: EVT-0055 | D39: WO-20251209-055 | E39: SO-2455 | F39: M-HOUSING | G39: 结构件 | H39: 240 | I39: B20251209-01 | K39: 全检 | L39: 尺寸超差 | M39: 尺寸超差 | N39: 不合格 | O39: 全检尺寸，返工超差件 | P39: 质量工程师 | Q39: 已解除 | R39: 46002 | S39: 团队模拟数据 | T39: SIM-v2.2-20260807-20260805 | U39: 物料=结构件, 原因按序号取模分配(确定性), 批次号按生产日期+序号, 供应商编码仅供应原因填写; 高风险冻结，需人工确认 | V39: =IFERROR(VLOOKUP(B39,'04_订单物料_模拟'!$A:$AA,25,FALSE),"高") | W39: =IF(AND(V39="高",Q39<>"已解除"),"是","否") | X39: =IF(W39="是","待确认","无需确认")
A40: FZ-0026 | B40: SO-2462-3-M-HOUSING | C40: EVT-0062 | D40: WO-20251218-062 | E40: SO-2462 | F40: M-HOUSING | G40: 结构件 | H40: 180 | I40: B20251218-01 | K40: 抽检 | L40: 抽检不合格 | M40: 功能失效 | N40: 不合格 | O40: 全检该批次，隔离不合格品 | P40: 质量工程师 | Q40: 待复检 | S40: 团队模拟数据 | T40: SIM-v2.2-20260807-20260805 | U40: 物料=结构件, 原因按序号取模分配(确定性), 批次号按生产日期+序号, 供应商编码仅供应原因填写; 高风险冻结，需人工确认 | V40: =IFERROR(VLOOKUP(B40,'04_订单物料_模拟'!$A:$AA,25,FALSE),"高") | W40: =IF(AND(V40="高",Q40<>"已解除"),"是","否") | X40: =IF(W40="是","待确认","无需确认")
A41: FZ-0029 | B41: SO-2469-3-M-HOUSING | C41: EVT-0069 | D41: WO-20260209-069 | E41: SO-2469 | F41: M-HOUSING | G41: 结构件 | H41: 220 | I41: B20260209-01 | K41: SPC监控 | L41: 工艺参数偏移 | M41: 尺寸超差 | N41: 过程偏移 | O41: 调整工艺参数，复检 | P41: 生产主管 | Q41: 待复检 | S41: 团队模拟数据 | T41: SIM-v2.2-20260807-20260805 | U41: 物料=结构件, 原因按序号取模分配(确定性), 批次号按生产日期+序号, 供应商编码仅供应原因填写; 高风险冻结，需人工确认 | V41: =IFERROR(VLOOKUP(B41,'04_订单物料_模拟'!$A:$AA,25,FALSE),"高") | W41: =IF(AND(V41="高",Q41<>"已解除"),"是","否") | X41: =IF(W41="是","待确认","无需确认")
A42: FZ-0032 | B42: SO-2476-3-M-HOUSING | C42: EVT-0076 | D42: WO-20260218-076 | E42: SO-2476 | F42: M-HOUSING | G42: 结构件 | H42: 160 | I42: B20260218-01 | K42: 全检 | L42: 尺寸超差 | M42: 尺寸超差 | N42: 不合格 | O42: 全检尺寸，返工超差件 | P42: 质量工程师 | Q42: 待复检 | S42: 团队模拟数据 | T42: SIM-v2.2-20260807-20260805 | U42: 物料=结构件, 原因按序号取模分配(确定性), 批次号按生产日期+序号, 供应商编码仅供应原因填写; 高风险冻结，需人工确认 | V42: =IFERROR(VLOOKUP(B42,'04_订单物料_模拟'!$A:$AA,25,FALSE),"高") | W42: =IF(AND(V42="高",Q42<>"已解除"),"是","否") | X42: =IF(W42="是","待确认","无需确认")
A43: FZ-0035 | B43: SO-2483-3-M-HOUSING | C43: EVT-0083 | D43: WO-20260302-083 | E43: SO-2483 | F43: M-HOUSING | G43: 结构件 | H43: 200 | I43: B20260302-01 | K43: 抽检 | L43: 抽检不合格 | M43: 功能失效 | N43: 不合格 | O43: 全检该批次，隔离不合格品 | P43: 质量工程师 | Q43: 已解除 | R43: 46085 | S43: 团队模拟数据 | T43: SIM-v2.2-20260807-20260805 | U43: 物料=结构件, 原因按序号取模分配(确定性), 批次号按生产日期+序号, 供应商编码仅供应原因填写; 高风险冻结，需人工确认 | V43: =IFERROR(VLOOKUP(B43,'04_订单物料_模拟'!$A:$AA,25,FALSE),"高") | W43: =IF(AND(V43="高",Q43<>"已解除"),"是","否") | X43: =IF(W43="是","待确认","无需确认")
A44: FZ-0038 | B44: SO-2490-3-M-HOUSING | C44: EVT-0090 | D44: WO-20260311-090 | E44: SO-2490 | F44: M-HOUSING | G44: 结构件 | H44: 240 | I44: B20260311-01 | K44: SPC监控 | L44: 工艺参数偏移 | M44: 尺寸超差 | N44: 过程偏移 | O44: 调整工艺参数，复检 | P44: 生产主管 | Q44: 待复检 | S44: 团队模拟数据 | T44: SIM-v2.2-20260807-20260805 | U44: 物料=结构件, 原因按序号取模分配(确定性), 批次号按生产日期+序号, 供应商编码仅供应原因填写; 高风险冻结，需人工确认 | V44: =IFERROR(VLOOKUP(B44,'04_订单物料_模拟'!$A:$AA,25,FALSE),"高") | W44: =IF(AND(V44="高",Q44<>"已解除"),"是","否") | X44: =IF(W44="是","待确认","无需确认")
A45: FZ-0041 | B45: SO-2497-3-M-HOUSING | C45: EVT-0097 | D45: WO-20260320-097 | E45: SO-2497 | F45: M-HOUSING | G45: 结构件 | H45: 180 | I45: B20260320-01 | K45: 全检 | L45: 尺寸超差 | M45: 尺寸超差 | N45: 不合格 | O45: 全检尺寸，返工超差件 | P45: 质量工程师 | Q45: 待复检 | S45: 团队模拟数据 | T45: SIM-v2.2-20260807-20260805 | U45: 物料=结构件, 原因按序号取模分配(确定性), 批次号按生产日期+序号, 供应商编码仅供应原因填写; 高风险冻结，需人工确认 | V45: =IFERROR(VLOOKUP(B45,'04_订单物料_模拟'!$A:$AA,25,FALSE),"高") | W45: =IF(AND(V45="高",Q45<>"已解除"),"是","否") | X45: =IF(W45="是","待确认","无需确认")
A46: FZ-0044 | B46: SO-2504-3-M-HOUSING | C46: EVT-0104 | D46: WO-20260402-104 | E46: SO-2504 | F46: M-HOUSING | G46: 结构件 | H46: 220 | I46: B20260402-01 | K46: 抽检 | L46: 抽检不合格 | M46: 功能失效 | N46: 不合格 | O46: 全检该批次，隔离不合格品 | P46: 质量工程师 | Q46: 待复检 | S46: 团队模拟数据 | T46: SIM-v2.2-20260807-20260805 | U46: 物料=结构件, 原因按序号取模分配(确定性), 批次号按生产日期+序号, 供应商编码仅供应原因填写; 高风险冻结，需人工确认 | V46: =IFERROR(VLOOKUP(B46,'04_订单物料_模拟'!$A:$AA,25,FALSE),"高") | W46: =IF(AND(V46="高",Q46<>"已解除"),"是","否") | X46: =IF(W46="是","待确认","无需确认")

Sheet 18_换产标准_模拟
A1: ChangeoverRuleID | B1: 停机原因 | C1: 产品族或产品编码 | D1: 标准换产时间_分钟 | E1: 预警阈值_分钟 | F1: 严重超时阈值_分钟 | G1: 责任岗位 | H1: 默认智能体 | I1: 启用状态 | J1: 数据性质 | K1: 模拟版本 | L1: 规则说明
A2: CO-RULE-001 | B2: MATERIAL CHANGEOVER | C2: 全部产品 | D2: 15 | E2: 19.5 | F2: 30 | G2: 生产主管 | H2: 生产诊断智能体 | I2: 启用 | J2: 团队模拟数据 | K2: SIM-v2.2-20260807-20260805 | L2: 换料是常规换产操作，标准15分钟
A3: CO-RULE-002 | B3: WIRE ROLL REPLACEMENT | C3: 全部产品 | D3: 12 | E3: 15.6 | F3: 24 | G3: 设备工程师 | H3: 设备诊断智能体 | I3: 启用 | J3: 团队模拟数据 | K3: SIM-v2.2-20260807-20260805 | L3: 换钢丝卷是设备相关换产，标准12分钟
A4: CO-RULE-003 | B4: OTHER CALIBRATION | C4: 全部产品 | D4: 15 | E4: 19.5 | F4: 30 | G4: 设备工程师 | H4: 设备诊断智能体 | I4: 启用 | J4: 团队模拟数据 | K4: SIM-v2.2-20260807-20260805 | L4: 设备校准按换产处理，标准15分钟

Sheet 19_v3交付验收报告
A1: BIFROST 数据包 v3 交付验收报告
A3: 版本 | B3: v3 (5M1E第一阶段, SIM-v2.2-20260807)
A4: 日期 | B4: 2026-08-07
A5: 范围 | B5: 不良类型明细 + 质量冻结明细 + 换产标准与超时分析
A7: 一、数据验收
A8: 校验项 | B8: 期望值 | C8: 实际值 | D8: 结果 | E8: 说明
A9: 18表换产规则数 | B9: 3 | C9: 3 | D9: PASS | E9: CO-RULE-001/002/003
A10: 02表换产事件数 | B10: 175 | C10: 175 | D10: PASS | E10: 达标87/轻微超时41/超时35/严重超时12
A11: 13表模拟换产事件数 | B11: 525 | C11: 525 | D11: PASS | E11: 达标258/轻微超时139/超时91/严重超时37
A12: 16表行数 | B12: 1575 | C12: 1575 | D12: PASS | E12: 315 SimShiftID × 5不良类型
A13: 16表不良数量守恒异常数 | B13: 0 | C13: 0 | D13: PASS | E13: 不良数量之和=总产量-复算良品数
A14: 16表占比守恒异常数 | B14: 0 | C14: 0 | D14: PASS | E14: 第五类余数法,严格等于1
A15: 17表行数 | B15: 45 | C15: 45 | D15: PASS | E15: 与04表冻结记录1:1对齐
A16: 17表冻结数量合计 | B16: 6000 | C16: 6000 | D16: PASS | E16: 与04表冻结总量一致
A17: 17表新增字段数 | B17: 5列 | C17: 5列 | D17: PASS | E17: 风险等级/需要人工确认/确认状态/确认人/确认时间
A18: 02表原持续时间修改数 | B18: 0 | C18: 0 | D18: PASS | E18: 仅新增列,未修改M列
A19: 13表原持续时间修改数 | B19: 0 | C19: 0 | D19: PASS | E19: 仅新增列,未修改Q列
... A26: 13表孤立停机处理 | B26: 6条业务合理 | C26: 6条业务合理 | D26: PASS | E26: 3519已关联+6业务合理例外
A28: 二、Excel公式统计
A29: 表 | B29: 公式字段 | C29: 公式类型 | D29: 引用表
A30: 02_停机明细 | B30: 标准换产时间(U列) | C30: VLOOKUP+IFERROR | D30: 18_换产标准_模拟
A31: 02_停机明细 | B31: 换产超时(V列) | C31: MAX(持续时间-标准,0) | D31: 本表M列+U列
A32: 02_停机明细 | B32: 换产达标状态(W列) | C32: IF嵌套+VLOOKUP | D32: 18_换产标准_模拟
A33: 02_停机明细 | B33: 换产规则ID(X列) | C33: INDEX/MATCH+IFERROR (P0修复:原VLOOKUP返回停机原因) | D33: 18_换产标准_模拟
A34: 13_多产线停机 | B34: 标准换产时间(AA列) | C34: VLOOKUP+IFERROR | D34: 18_换产标准_模拟
A35: 13_多产线停机 | B35: 换产超时(AB列) | C35: MAX(持续时间-标准,0) | D35: 本表Q列+AA列
A36: 13_多产线停机 | B36: 换产达标状态(AC列) | C36: IF嵌套+VLOOKUP | D36: 18_换产标准_模拟
A37: 13_多产线停机 | B37: 换产规则ID(AD列) | C37: INDEX/MATCH+IFERROR (P0修复:原VLOOKUP返回停机原因) | D37: 18_换产标准_模拟
A38: 17_质量冻结明细 | B38: 风险等级(V列) | C38: VLOOKUP+IFERROR | D38: 04_订单物料_模拟
A39: 17_质量冻结明细 | B39: 需要人工确认(W列) | C39: IF(AND(高,Q≠已解除)) | D39: 本表V列+Q列 (P0修复:原误引用R列解除日期)
A42: 三、飞书Base字段映射说明
A43: 重要：Excel公式用于离线审计，导入飞书Base后不会自动转换为动态公式。需在Base中重新配置以下字段：
A44: Excel字段 | B44: 飞书Base字段类型 | C44: 配置说明
A45: 换产规则ID (02/13表) | B45: 关联字段(单条) | C45: 关联18表ChangeoverRuleID，建立跨表引用
A46: 标准换产时间 (02/13表) | B46: 查找引用字段 | C46: 从18表查找引用标准换产时间_分钟
